Temperature_K,SOC,Frequency_Hz,Re_Z,Im_Z
278.15,0.1,0.001,0.0148475462321,-0.00379323564
278.15,0.1,0.001167419359,0.0149034200058,-0.00322575663
278.15,0.1,0.001362867959,0.0148381921216,-0.00296692047
278.15,0.1,0.001591038439,0.0146426678743,-0.00263593337
278.15,0.1,0.001857409075,0.0145811038352,-0.00243672651
278.15,0.1,0.002168375311,0.0144744243132,-0.00213048209
278.15,0.1,0.002531403315,0.0144530795858,-0.00196958834
278.15,0.1,0.002955209235,0.0142967612622,-0.00198831852
278.15,0.1,0.003449968471,0.0142375254971,-0.00174918087
278.15,0.1,0.00402755998,0.0139349473541,-0.00165987867
278.15,0.1,0.004701851489,0.0140596634634,-0.00160541868
278.15,0.1,0.005489032451,0.0138330061461,-0.0013470039
278.15,0.1,0.006408002744,0.0137850359242,-0.00128538795
278.15,0.1,0.007480826455,0.0136368803361,-0.00113370766
278.15,0.1,0.008733261624,0.0135386061968,-0.000890323926
278.15,0.1,0.01019537869,0.0135234484065,-0.000871543166
278.15,0.1,0.01190228245,0.0134840039588,-0.000797251253
278.15,0.1,0.01389495494,0.0133589490029,-0.000817068416
278.15,0.1,0.01622123939,0.0133128098347,-0.000794383863
278.15,0.1,0.01893698889,0.0133245830151,-0.00056509286
278.15,0.1,0.02210740743,0.0131819894342,-0.000608019353
278.15,0.1,0.0258086154,0.0131042121131,-0.000530707546
278.15,0.1,0.03012947725,0.0131983062706,-0.000509838459
278.15,0.1,0.03517373501,0.0130991142434,-0.000434719024
278.15,0.1,0.04106249917,0.0129907090259,-0.000243870616
278.15,0.1,0.04793715646,0.013039189608,-0.000387564357
278.15,0.1,0.05596276445,0.01303976619,-0.000353791464
278.15,0.1,0.0653320146,0.0129721284622,-0.000293754346
278.15,0.1,0.07626985859,0.0129340675809,-0.000263042288
278.15,0.1,0.08903890941,0.0130165393627,-0.000337265334
278.15,0.1,0.1039457465,0.0130566451124,-0.000354414311
278.15,0.1,0.1213482768,0.0129685655385,-0.000258857431
278.15,0.1,0.1416643275,0.0129219482989,-0.000219038506
278.15,0.1,0.1653816783,0.0129825827357,-0.000242488892
278.15,0.1,0.1930697729,0.0129924123404,-0.000244396432
278.15,0.1,0.2253933905,0.0129157120484,-0.000230150185
278.15,0.1,0.2631286074,0.0129601587926,-0.000186252774
278.15,0.1,0.3071814301,0.0129827691573,-0.000161508922
278.15,0.1,0.3586095482,0.0128930657866,-0.000253688797
278.15,0.1,0.4186477288,0.0128454228759,-0.000179914792
278.15,0.1,0.4887374632,0.0129121492872,-0.000119249053
278.15,0.1,0.5705615759,0.0128978461706,-0.000149445965
278.15,0.1,0.6660846291,0.0129450170641,-0.000229914114
278.15,0.1,0.7776000906,0.0127841429846,-0.00016796442
278.15,0.1,0.9077853992,0.0128167858745,-0.000150724899
278.15,0.1,1.059766249,0.0127979152752,-0.000106512736
278.15,0.1,1.237191635,0.012732640406,-0.000268959207
278.15,0.1,1.444321465,0.0128439712443,-0.000131492515
278.15,0.1,1.686128838,0.012860986611,-0.000218526302
278.15,0.1,1.968419447,0.0127702494911,-0.000192069111
278.15,0.1,2.297970969,0.012895727791,-0.00018065839
278.15,0.1,2.682695795,0.0128475185499,-0.000302681578
278.15,0.1,3.131831005,0.0128211000888,-0.000324779339
278.15,0.1,3.656160144,0.0127903180376,-0.000310677389
278.15,0.1,4.268272131,0.0128062283201,-0.000291564548
278.15,0.1,4.982863515,0.0126373587702,-0.000411114043
278.15,0.1,5.817091329,0.0127331971877,-0.000509396133
278.15,0.1,6.79098503,0.012698686365,-0.000511316921
278.15,0.1,7.927927389,0.0125081861415,-0.000494711358
278.15,0.1,9.25521591,0.0125927357709,-0.000501064376
278.15,0.1,10.80471822,0.0124968033227,-0.000663015785
278.15,0.1,12.61363722,0.0124921773342,-0.000709678864
278.15,0.1,14.72540428,0.0123358882126,-0.000757542866
278.15,0.1,17.19072202,0.0122699028996,-0.000808064625
278.15,0.1,20.06878168,0.0121886857305,-0.000904426882
278.15,0.1,23.42868424,0.01200169486,-0.000911368117
278.15,0.1,27.35109953,0.011969661569,-0.000898426337
278.15,0.1,31.93020308,0.0118020708043,-0.000918521707
278.15,0.1,37.2759372,0.0117102685064,-0.000922625664
278.15,0.1,43.51665071,0.0115265191637,-0.000967545259
278.15,0.1,50.80218047,0.0114999152785,-0.00091371455
278.15,0.1,59.30744895,0.0113610067046,-0.000884950472
278.15,0.1,69.23666403,0.0112156862643,-0.000739882847
278.15,0.1,80.82822193,0.0111710619075,-0.000666882558
278.15,0.1,94.36043101,0.0111268588821,-0.000675007031
278.15,0.1,110.1581939,0.0110876174663,-0.00055227539
278.15,0.1,128.6008081,0.0108445688214,-0.000602876114
278.15,0.1,150.1310729,0.0109289008155,-0.000552539766
278.15,0.1,175.2659209,0.0108632196834,-0.000560482835
278.15,0.1,204.6088289,0.0107958733707,-0.000435696245
278.15,0.1,238.8643079,0.0107141956714,-0.000434242254
278.15,0.1,278.8548172,0.0108069354826,-0.000370665619
278.15,0.1,325.5405119,0.0106452849042,-0.000319038347
278.15,0.1,380.0422956,0.010718568899,-0.000330462525
278.15,0.1,443.6687331,0.0107343241192,-0.000352396865
278.15,0.1,517.9474679,0.0105571777415,-0.00027257646
278.15,0.1,604.6619009,0.010604210691,-0.000252946197
278.15,0.1,705.8940087,0.0105291170242,-0.000227494796
278.15,0.1,824.074331,0.0105898052558,-0.000173705943
278.15,0.1,962.0403271,0.010635348638,-0.000200292215
278.15,0.1,1123.104502,0.0106407455308,-0.000182061714
278.15,0.1,1311.133937,0.0104198218878,-5.52744073e-05
278.15,0.1,1530.643141,0.0104629385775,-6.55701743e-05
278.15,0.1,1786.902434,0.0105106468594,-9.97509779e-05
278.15,0.1,2086.064493,0.0105381149093,-0.000114572713
278.15,0.1,2435.312073,0.0104603730748,-5.75125918e-05
278.15,0.1,2843.030459,0.0103833781388,2.00953673e-05
278.15,0.1,3319.008796,0.0104224857256,8.24090877e-05
278.15,0.1,3874.67512,0.010391660788,0.000205840214
278.15,0.1,4523.370745,0.0103680678059,0.000117546632
278.15,0.1,5280.670575,0.0103272424331,0.000192703675
278.15,0.1,6164.757056,0.0103725791565,0.000228872186
278.15,0.1,7196.85673,0.0103562116266,0.000322500018
278.15,0.1,8401.749869,0.0103237678468,0.000380516109
278.15,0.1,9808.365445,0.010305891801,0.000439516743
278.15,0.1,11450.4757,0.0102401898077,0.000654989404
278.15,0.1,13367.507,0.0102709470876,0.000734861311
278.15,0.1,15605.48645,0.010348135418,0.000939539544
278.15,0.1,18218.14699,0.0102661641796,0.001017176
278.15,0.1,21268.21747,0.0101920647439,0.00125287784
278.15,0.1,24828.92881,0.0103265639686,0.00150174012
278.15,0.1,28985.77215,0.0102763893699,0.00163758418
278.15,0.1,33838.55153,0.0103508296679,0.00197575119
278.15,0.1,39503.78014,0.0102365170969,0.00244377139
278.15,0.1,46117.47768,0.0102017749346,0.00283030074
278.15,0.1,53838.43622,0.0101420311568,0.00321723761
278.15,0.1,62852.03269,0.010286185902,0.00384568096
278.15,0.1,73374.67971,0.0103519749907,0.0044929253
278.15,0.1,85659.02154,0.0101561046605,0.00529946211
278.15,0.1,100000,0.0101600587208,0.00632313732
278.15,0.3,0.001,0.0130495843935,-0.000806968655
278.15,0.3,0.001167419359,0.0129358292448,-0.000589673551
278.15,0.3,0.001362867959,0.0129467238996,-0.000699370758
278.15,0.3,0.001591038439,0.0129102998318,-0.000704280774
278.15,0.3,0.001857409075,0.0129072832237,-0.000539692821
278.15,0.3,0.002168375311,0.0129199692096,-0.000566989785
278.15,0.3,0.002531403315,0.0127983967861,-0.000529652393
278.15,0.3,0.002955209235,0.0127966992402,-0.000483255433
278.15,0.3,0.003449968471,0.0126480726253,-0.000524289274
278.15,0.3,0.00402755998,0.0126300010458,-0.000494562673
278.15,0.3,0.004701851489,0.0124105132763,-0.000651155134
278.15,0.3,0.005489032451,0.0123931344396,-0.000563391152
278.15,0.3,0.006408002744,0.0124777337732,-0.000448870578
278.15,0.3,0.007480826455,0.0123429809782,-0.000424390621
278.15,0.3,0.008733261624,0.0123737525965,-0.000353003826
278.15,0.3,0.01019537869,0.0123365907513,-0.000386699754
278.15,0.3,0.01190228245,0.0123557554406,-0.000252961321
278.15,0.3,0.01389495494,0.0123008798439,-0.000163524012
278.15,0.3,0.01622123939,0.0122941754123,-0.000218739886
278.15,0.3,0.01893698889,0.0122093853414,-0.000175093476
278.15,0.3,0.02210740743,0.0121605330607,-0.00016962295
278.15,0.3,0.0258086154,0.0121475899712,-0.000121696964
278.15,0.3,0.03012947725,0.0121531619469,-0.000144791245
278.15,0.3,0.03517373501,0.0121061312007,-0.000170424722
278.15,0.3,0.04106249917,0.0121346967294,-0.000112694268
278.15,0.3,0.04793715646,0.0121563557867,-0.000104344552
278.15,0.3,0.05596276445,0.0121720098856,-0.000190617029
278.15,0.3,0.0653320146,0.0121314931104,-7.41805097e-05
278.15,0.3,0.07626985859,0.0120311529047,-7.73624153e-05
278.15,0.3,0.08903890941,0.01213999196,-5.83912401e-05
278.15,0.3,0.1039457465,0.0121548393418,-9.67903765e-05
278.15,0.3,0.1213482768,0.0122040942608,-2.89039663e-05
278.15,0.3,0.1416643275,0.0121707416341,-1.52333658e-05
278.15,0.3,0.1653816783,0.0120942789773,-9.07920702e-05
278.15,0.3,0.1930697729,0.0120872685413,-2.54372638e-05
278.15,0.3,0.2253933905,0.0122511233815,4.83927665e-06
278.15,0.3,0.2631286074,0.0121732254389,4.80396231e-06
278.15,0.3,0.3071814301,0.0122366515206,-9.35060522e-05
278.15,0.3,0.3586095482,0.0122530575095,-9.87997597e-05
278.15,0.3,0.4186477288,0.0120728034861,-3.57661706e-05
278.15,0.3,0.4887374632,0.0121441979901,-0.000100449899
278.15,0.3,0.5705615759,0.0121470892535,0.000111019924
278.15,0.3,0.6660846291,0.0121517023527,-8.9155955e-05
278.15,0.3,0.7776000906,0.0121490624479,-9.07576249e-05
278.15,0.3,0.9077853992,0.0121268477321,-7.62964411e-06
278.15,0.3,1.059766249,0.0121234345283,-7.85104353e-05
278.15,0.3,1.237191635,0.0120200477416,-0.000195708784
278.15,0.3,1.444321465,0.0120989798091,-7.00454462e-05
278.15,0.3,1.686128838,0.0120614571841,-0.000127433123
278.15,0.3,1.968419447,0.0121117516669,-0.000107990831
278.15,0.3,2.297970969,0.0120728350595,-0.000182893699
278.15,0.3,2.682695795,0.0121350301617,-0.00015159186
278.15,0.3,3.131831005,0.0121429834338,-0.000120281878
278.15,0.3,3.656160144,0.0121071245645,-0.000129932711
278.15,0.3,4.268272131,0.0121015332775,-0.000208766606
278.15,0.3,4.982863515,0.0120806918816,-0.000204312675
278.15,0.3,5.817091329,0.0120390523158,-0.00023417169
278.15,0.3,6.79098503,0.0120450721902,-0.000199582145
278.15,0.3,7.927927389,0.012011478764,-0.000244244013
278.15,0.3,9.25521591,0.0120478063017,-0.000340009975
278.15,0.3,10.80471822,0.0120045724628,-0.000261125604
278.15,0.3,12.61363722,0.0120131043028,-0.000376763388
278.15,0.3,14.72540428,0.0118678534961,-0.000351155287
278.15,0.3,17.19072202,0.0119626952004,-0.000468453371
278.15,0.3,20.06878168,0.0118198029887,-0.000438358928
278.15,0.3,23.42868424,0.0117691020301,-0.000503486995
278.15,0.3,27.35109953,0.0117401878216,-0.000531862774
278.15,0.3,31.93020308,0.011650222391,-0.000540535948
278.15,0.3,37.2759372,0.0116243379157,-0.000573091388
278.15,0.3,43.51665071,0.0114928325715,-0.000609880871
278.15,0.3,50.80218047,0.0113795238854,-0.000622223354
278.15,0.3,59.30744895,0.0113061524055,-0.000705414186
278.15,0.3,69.23666403,0.011342811927,-0.000631107336
278.15,0.3,80.82822193,0.0111891587387,-0.000732799065
278.15,0.3,94.36043101,0.0110448732231,-0.000711892952
278.15,0.3,110.1581939,0.0110399384363,-0.000577489635
278.15,0.3,128.6008081,0.0108908061793,-0.000540544873
278.15,0.3,150.1310729,0.0110181531446,-0.000413924502
278.15,0.3,175.2659209,0.0107882619503,-0.000424593522
278.15,0.3,204.6088289,0.0108540871619,-0.000367652322
278.15,0.3,238.8643079,0.0108196376222,-0.000411653737
278.15,0.3,278.8548172,0.0106786536835,-0.000341996787
278.15,0.3,325.5405119,0.0107425499298,-0.000276512551
278.15,0.3,380.0422956,0.0107521160618,-0.00028506162
278.15,0.3,443.6687331,0.0106979130831,-0.000271106814
278.15,0.3,517.9474679,0.0106623971422,-0.000262721017
278.15,0.3,604.6619009,0.0106753938244,-0.000296009175
278.15,0.3,705.8940087,0.0106105687407,-0.000274846776
278.15,0.3,824.074331,0.0105973346195,-0.000283340698
278.15,0.3,962.0403271,0.0105506903855,-0.000167371758
278.15,0.3,1123.104502,0.0105689059806,-0.000181863033
278.15,0.3,1311.133937,0.0104649091218,-0.000180480154
278.15,0.3,1530.643141,0.0105354912767,-0.000102850212
278.15,0.3,1786.902434,0.0104479834269,-0.000124537121
278.15,0.3,2086.064493,0.0103990309223,-1.20774285e-05
278.15,0.3,2435.312073,0.0104578490712,6.39940797e-05
278.15,0.3,2843.030459,0.0105107971497,2.36883949e-05
278.15,0.3,3319.008796,0.0104573103942,3.50004195e-06
278.15,0.3,3874.67512,0.0103659170674,5.10434964e-06
278.15,0.3,4523.370745,0.0104150133591,0.000233182753
278.15,0.3,5280.670575,0.0103418776225,0.000207761175
278.15,0.3,6164.757056,0.0103461858258,0.000186770667
278.15,0.3,7196.85673,0.0103449742695,0.000372907411
278.15,0.3,8401.749869,0.0102088548858,0.00031463343
278.15,0.3,9808.365445,0.0103272642088,0.000471266004
278.15,0.3,11450.4757,0.0102533864629,0.000590126358
278.15,0.3,13367.507,0.0102600570259,0.000709409713
278.15,0.3,15605.48645,0.010209770824,0.000815165826
278.15,0.3,18218.14699,0.010197687685,0.0011645448
278.15,0.3,21268.21747,0.0102177350738,0.00121839112
278.15,0.3,24828.92881,0.010300201727,0.0014869415
278.15,0.3,28985.77215,0.0103354192622,0.0017351436
278.15,0.3,33838.55153,0.0102394423611,0.00196046961
278.15,0.3,39503.78014,0.0102906161483,0.00237529892
278.15,0.3,46117.47768,0.0102122465474,0.00283507495
278.15,0.3,53838.43622,0.0101170875865,0.00336328666
278.15,0.3,62852.03269,0.0102220430771,0.00386584173
278.15,0.3,73374.67971,0.0102332845881,0.00457016821
278.15,0.3,85659.02154,0.0101786827944,0.00530643668
278.15,0.3,100000,0.0102167889836,0.00626539496
278.15,0.5,0.001,0.0128566480397,-0.000978139985
278.15,0.5,0.001167419359,0.0127425627668,-0.000724994544
278.15,0.5,0.001362867959,0.0126772894702,-0.000758917347
278.15,0.5,0.001591038439,0.012726164864,-0.000724134191
278.15,0.5,0.001857409075,0.0126890991305,-0.000843738314
278.15,0.5,0.002168375311,0.0126354902406,-0.000714359806
278.15,0.5,0.002531403315,0.0126684978129,-0.000595207225
278.15,0.5,0.002955209235,0.0126567560007,-0.000475498325
278.15,0.5,0.003449968471,0.0124599586982,-0.000646106714
278.15,0.5,0.00402755998,0.0124649782142,-0.000621487503
278.15,0.5,0.004701851489,0.0124159016223,-0.000523214974
278.15,0.5,0.005489032451,0.0123410713201,-0.000503010851
278.15,0.5,0.006408002744,0.0123061925507,-0.000519269948
278.15,0.5,0.007480826455,0.0121697263767,-0.000454210704
278.15,0.5,0.008733261624,0.012196902569,-0.000426887112
278.15,0.5,0.01019537869,0.012239831372,-0.000327037931
278.15,0.5,0.01190228245,0.0121369553704,-0.00027910974
278.15,0.5,0.01389495494,0.0120273558245,-0.0001864828
278.15,0.5,0.01622123939,0.0120820101052,-0.000205233191
278.15,0.5,0.01893698889,0.0121053843528,-0.000191636086
278.15,0.5,0.02210740743,0.0120383388154,-0.000196579275
278.15,0.5,0.0258086154,0.0119711737702,-0.00012735787
278.15,0.5,0.03012947725,0.0120880393244,-0.000221829813
278.15,0.5,0.03517373501,0.011912374828,-1.6902073e-05
278.15,0.5,0.04106249917,0.0120103268932,-0.000112883037
278.15,0.5,0.04793715646,0.0119729811525,-3.16864555e-05
278.15,0.5,0.05596276445,0.0118970565348,-0.000150794768
278.15,0.5,0.0653320146,0.0120366326203,-3.13117392e-05
278.15,0.5,0.07626985859,0.0119802426084,-5.92410587e-05
278.15,0.5,0.08903890941,0.011885925004,-8.57577864e-05
278.15,0.5,0.1039457465,0.0119882860555,-0.000107108272
278.15,0.5,0.1213482768,0.0119235419187,-0.000113326204
278.15,0.5,0.1416643275,0.0118329748972,5.13583508e-05
278.15,0.5,0.1653816783,0.0119030589103,2.17151698e-05
278.15,0.5,0.1930697729,0.0119577241841,-3.995715e-05
278.15,0.5,0.2253933905,0.0119779116794,-3.1870963e-05
278.15,0.5,0.2631286074,0.0119479723362,-8.39431018e-05
278.15,0.5,0.3071814301,0.011939045115,-0.000147751133
278.15,0.5,0.3586095482,0.0119627621996,-0.000143531749
278.15,0.5,0.4186477288,0.0119205792023,-7.22651032e-05
278.15,0.5,0.4887374632,0.0120018984187,-4.487003e-05
278.15,0.5,0.5705615759,0.0119391095978,-0.000105383732
278.15,0.5,0.6660846291,0.0119463584192,1.09524321e-05
278.15,0.5,0.7776000906,0.0119596682757,-6.96127125e-06
278.15,0.5,0.9077853992,0.0118629477661,-2.98724272e-05
278.15,0.5,1.059766249,0.0118822282824,-0.000146422989
278.15,0.5,1.237191635,0.0120140968521,-5.78402675e-05
278.15,0.5,1.444321465,0.0119413072784,-5.07919389e-05
278.15,0.5,1.686128838,0.0119026816783,-0.000128736412
278.15,0.5,1.968419447,0.0119378834685,-0.000189384022
278.15,0.5,2.297970969,0.0118865962789,4.75393123e-05
278.15,0.5,2.682695795,0.0119293084982,-3.73674014e-05
278.15,0.5,3.131831005,0.0118700666276,-0.000106385392
278.15,0.5,3.656160144,0.0119226166635,6.33757061e-07
278.15,0.5,4.268272131,0.0118080732619,-4.06664218e-05
278.15,0.5,4.982863515,0.0119760539548,-9.42813185e-05
278.15,0.5,5.817091329,0.0118602023571,-0.000123719981
278.15,0.5,6.79098503,0.0117891850817,-0.000109344632
278.15,0.5,7.927927389,0.0118605657326,-8.97142436e-05
278.15,0.5,9.25521591,0.011840403424,-0.000195723506
278.15,0.5,10.80471822,0.011857321347,-0.000239588428
278.15,0.5,12.61363722,0.011763127334,-0.000220292891
278.15,0.5,14.72540428,0.0118329872722,-0.000452279102
278.15,0.5,17.19072202,0.0119969608795,-0.000314451567
278.15,0.5,20.06878168,0.011676579047,-0.000378902696
278.15,0.5,23.42868424,0.0117336171838,-0.0003923372
278.15,0.5,27.35109953,0.0116508923781,-0.000438248324
278.15,0.5,31.93020308,0.0116282356121,-0.00044253355
278.15,0.5,37.2759372,0.0114531226616,-0.000487542642
278.15,0.5,43.51665071,0.0114260732402,-0.000516291269
278.15,0.5,50.80218047,0.0114475592864,-0.000547872859
278.15,0.5,59.30744895,0.0113444369751,-0.000526919893
278.15,0.5,69.23666403,0.0113626274525,-0.000585385509
278.15,0.5,80.82822193,0.0111552347613,-0.000497318736
278.15,0.5,94.36043101,0.0111315125499,-0.000633882861
278.15,0.5,110.1581939,0.0112144419734,-0.000510211781
278.15,0.5,128.6008081,0.0109481974635,-0.000472868204
278.15,0.5,150.1310729,0.0108840607437,-0.000540194276
278.15,0.5,175.2659209,0.0108810247765,-0.000465253939
278.15,0.5,204.6088289,0.0108357825923,-0.000340820328
278.15,0.5,238.8643079,0.01084425488,-0.000391122788
278.15,0.5,278.8548172,0.0107704606629,-0.000404211854
278.15,0.5,325.5405119,0.0106912558711,-0.000491081427
278.15,0.5,380.0422956,0.0107143799317,-0.000288945239
278.15,0.5,443.6687331,0.0108172397381,-0.000279474769
278.15,0.5,517.9474679,0.0107188879947,-0.000231569051
278.15,0.5,604.6619009,0.0104791422082,-0.000135311023
278.15,0.5,705.8940087,0.0105960925174,-0.000225175143
278.15,0.5,824.074331,0.0105344526803,-0.000198696374
278.15,0.5,962.0403271,0.0105911750404,-0.000222345703
278.15,0.5,1123.104502,0.0105272141616,-0.000168696194
278.15,0.5,1311.133937,0.0106165849122,-0.000144825473
278.15,0.5,1530.643141,0.0105432489508,-7.96366016e-05
278.15,0.5,1786.902434,0.0105214280198,-6.39824772e-05
278.15,0.5,2086.064493,0.0104660785465,-0.000104175
278.15,0.5,2435.312073,0.0104368981806,-5.75079509e-05
278.15,0.5,2843.030459,0.0104404717285,7.38629012e-05
278.15,0.5,3319.008796,0.0104748054594,-9.51730574e-06
278.15,0.5,3874.67512,0.0104205875605,0.00012208878
278.15,0.5,4523.370745,0.0103606423092,0.00021570469
278.15,0.5,5280.670575,0.0104315770397,0.000219854516
278.15,0.5,6164.757056,0.0103625988446,0.000261248466
278.15,0.5,7196.85673,0.0103363604807,0.000389869018
278.15,0.5,8401.749869,0.0102877356102,0.000419213287
278.15,0.5,9808.365445,0.010288151781,0.000494476749
278.15,0.5,11450.4757,0.0102737123499,0.000592945953
278.15,0.5,13367.507,0.0101519441917,0.00078818715
278.15,0.5,15605.48645,0.0103383593905,0.000910311659
278.15,0.5,18218.14699,0.0103052665739,0.00112316031
278.15,0.5,21268.21747,0.0102554292076,0.00122246891
278.15,0.5,24828.92881,0.0103116205291,0.00145216742
278.15,0.5,28985.77215,0.0102715942097,0.00171174688
278.15,0.5,33838.55153,0.0102601595242,0.00205876305
278.15,0.5,39503.78014,0.0101031577799,0.00236848491
278.15,0.5,46117.47768,0.0102138891275,0.00287422908
278.15,0.5,53838.43622,0.0102483871954,0.00333299685
278.15,0.5,62852.03269,0.0103018045709,0.00383189127
278.15,0.5,73374.67971,0.0103112232837,0.00438520794
278.15,0.5,85659.02154,0.0102854077109,0.00522164684
278.15,0.5,100000,0.0101293112099,0.00631755603
278.15,0.7,0.001,0.0127090853831,-0.00107250714
278.15,0.7,0.001167419359,0.012862292967,-0.00097040846
278.15,0.7,0.001362867959,0.0127979652154,-0.000936722913
278.15,0.7,0.001591038439,0.0128230779958,-0.00082915911
278.15,0.7,0.001857409075,0.0127125999935,-0.000933894149
278.15,0.7,0.002168375311,0.0126867932369,-0.000904468642
278.15,0.7,0.002531403315,0.0125233148279,-0.000852236365
278.15,0.7,0.002955209235,0.0125853746262,-0.00071788187
278.15,0.7,0.003449968471,0.0124639187208,-0.000650164612
278.15,0.7,0.00402755998,0.0124459549172,-0.000633435298
278.15,0.7,0.004701851489,0.0123857177354,-0.000635093927
278.15,0.7,0.005489032451,0.0122865508674,-0.000666044519
278.15,0.7,0.006408002744,0.0122550871204,-0.000495022918
278.15,0.7,0.007480826455,0.0121834986251,-0.000515767478
278.15,0.7,0.008733261624,0.0121862239042,-0.000454469421
278.15,0.7,0.01019537869,0.0121331442069,-0.000413735049
278.15,0.7,0.01190228245,0.0120385590849,-0.000396008005
278.15,0.7,0.01389495494,0.0120103091295,-0.000372883062
278.15,0.7,0.01622123939,0.012129094267,-0.000329819773
278.15,0.7,0.01893698889,0.012000148715,-0.000340319458
278.15,0.7,0.02210740743,0.012050551511,-0.000219670695
278.15,0.7,0.0258086154,0.0120016881301,-0.000219904528
278.15,0.7,0.03012947725,0.0119331835993,-0.000126357439
278.15,0.7,0.03517373501,0.0119124039837,-0.000275844747
278.15,0.7,0.04106249917,0.0119557877476,-7.99758793e-05
278.15,0.7,0.04793715646,0.0119563537374,-0.000138765734
278.15,0.7,0.05596276445,0.0119709635099,-0.000130409894
278.15,0.7,0.0653320146,0.0118527491764,-0.000156549071
278.15,0.7,0.07626985859,0.0118875174664,-0.000146411398
278.15,0.7,0.08903890941,0.0119125340215,-0.000177184547
278.15,0.7,0.1039457465,0.0120092493144,-2.62121693e-05
278.15,0.7,0.1213482768,0.0117694677817,-8.51247212e-05
278.15,0.7,0.1416643275,0.0119326572012,-2.32310806e-05
278.15,0.7,0.1653816783,0.0118711893295,-1.11019211e-05
278.15,0.7,0.1930697729,0.0119260932593,-8.52778891e-05
278.15,0.7,0.2253933905,0.0118684913835,-6.5620991e-05
278.15,0.7,0.2631286074,0.0119169820037,-6.85559412e-05
278.15,0.7,0.3071814301,0.0119860596882,1.58446696e-05
278.15,0.7,0.3586095482,0.0119119451629,-3.51909591e-05
278.15,0.7,0.4186477288,0.0119146450476,-3.13344059e-05
278.15,0.7,0.4887374632,0.0119091416534,2.57710071e-06
278.15,0.7,0.5705615759,0.011840573921,-4.42212082e-05
278.15,0.7,0.6660846291,0.011915669445,8.17122878e-05
278.15,0.7,0.7776000906,0.0118693094696,-9.54536183e-05
278.15,0.7,0.9077853992,0.0118317704748,3.29953964e-05
278.15,0.7,1.059766249,0.0118759889642,4.01115483e-05
278.15,0.7,1.237191635,0.011863038039,-0.00011360804
278.15,0.7,1.444321465,0.0119194621402,2.21341726e-06
278.15,0.7,1.686128838,0.0118702672595,-3.63669781e-05
278.15,0.7,1.968419447,0.0118393220291,-6.26341255e-06
278.15,0.7,2.297970969,0.0119548818234,-0.000135156823
278.15,0.7,2.682695795,0.0119245844371,-5.6400365e-05
278.15,0.7,3.131831005,0.01193836899,-0.000137217482
278.15,0.7,3.656160144,0.0118957428704,-0.000108356999
278.15,0.7,4.268272131,0.0118492764913,-1.56676113e-05
278.15,0.7,4.982863515,0.0118262719936,-0.00012069205
278.15,0.7,5.817091329,0.0118289429124,-0.000260842231
278.15,0.7,6.79098503,0.0118947750354,-0.000227097602
278.15,0.7,7.927927389,0.0118369715081,-0.000230830225
278.15,0.7,9.25521591,0.0117324909704,-0.000124890496
278.15,0.7,10.80471822,0.0118052626765,-0.000250237128
278.15,0.7,12.61363722,0.0117085812687,-0.000327590973
278.15,0.7,14.72540428,0.0117828252214,-0.000199327851
278.15,0.7,17.19072202,0.0116790012129,-0.000282056512
278.15,0.7,20.06878168,0.0116472756425,-0.000310401905
278.15,0.7,23.42868424,0.0116941237133,-0.000412203892
278.15,0.7,27.35109953,0.011641943536,-0.000317709226
278.15,0.7,31.93020308,0.0115024019902,-0.000442519953
278.15,0.7,37.2759372,0.0115873197264,-0.000581488441
278.15,0.7,43.51665071,0.0116069306124,-0.000560818633
278.15,0.7,50.80218047,0.0113307200221,-0.000565734984
278.15,0.7,59.30744895,0.0114471351778,-0.000541722874
278.15,0.7,69.23666403,0.0112311124318,-0.000496308346
278.15,0.7,80.82822193,0.0111682049696,-0.0005786723
278.15,0.7,94.36043101,0.011113945593,-0.000561928909
278.15,0.7,110.1581939,0.010975808256,-0.000390155497
278.15,0.7,128.6008081,0.0110643444084,-0.000485862299
278.15,0.7,150.1310729,0.0109628459454,-0.000493895385
278.15,0.7,175.2659209,0.0108440648842,-0.000435603129
278.15,0.7,204.6088289,0.0108248923812,-0.000477049404
278.15,0.7,238.8643079,0.0107181181952,-0.000352346566
278.15,0.7,278.8548172,0.010745894546,-0.000302346866
278.15,0.7,325.5405119,0.0107830725903,-0.000360523115
278.15,0.7,380.0422956,0.010611989177,-0.000252067199
278.15,0.7,443.6687331,0.0106536884929,-0.000299222553
278.15,0.7,517.9474679,0.0106595193583,-0.000247702419
278.15,0.7,604.6619009,0.0106832206445,-0.000282820827
278.15,0.7,705.8940087,0.0106756182602,-0.000266768366
278.15,0.7,824.074331,0.0105569472598,-0.000284576135
278.15,0.7,962.0403271,0.0105195692364,-0.000174095718
278.15,0.7,1123.104502,0.0105603686049,-0.000180101808
278.15,0.7,1311.133937,0.010496116177,-0.000156390356
278.15,0.7,1530.643141,0.0104783267825,-0.000178319859
278.15,0.7,1786.902434,0.0105315472933,-0.000154041692
278.15,0.7,2086.064493,0.010544816531,-9.71981794e-05
278.15,0.7,2435.312073,0.0104529988401,-8.12049938e-06
278.15,0.7,2843.030459,0.0104128233307,1.77492027e-05
278.15,0.7,3319.008796,0.0104372065731,4.93894017e-06
278.15,0.7,3874.67512,0.0102947910545,9.85336314e-05
278.15,0.7,4523.370745,0.0103779648256,0.000222645093
278.15,0.7,5280.670575,0.0103105411169,0.000191460044
278.15,0.7,6164.757056,0.0104763980264,0.000352825542
278.15,0.7,7196.85673,0.0103776473985,0.000341696871
278.15,0.7,8401.749869,0.0103359549674,0.000469738144
278.15,0.7,9808.365445,0.0103073537952,0.000467629535
278.15,0.7,11450.4757,0.0101767269285,0.000664012708
278.15,0.7,13367.507,0.0103328461752,0.000667790173
278.15,0.7,15605.48645,0.0103699768705,0.000886974557
278.15,0.7,18218.14699,0.0102383731645,0.00102609338
278.15,0.7,21268.21747,0.0103018446297,0.00113659037
278.15,0.7,24828.92881,0.0102948634228,0.00139766047
278.15,0.7,28985.77215,0.0101683704785,0.00179320489
278.15,0.7,33838.55153,0.0102896172629,0.00206971397
278.15,0.7,39503.78014,0.0103044389985,0.00247291794
278.15,0.7,46117.47768,0.0102383699112,0.00283544851
278.15,0.7,53838.43622,0.0102164040431,0.00315881034
278.15,0.7,62852.03269,0.0102569057958,0.00389912835
278.15,0.7,73374.67971,0.0101222760865,0.00451898708
278.15,0.7,85659.02154,0.0102087182672,0.00529766197
278.15,0.7,100000,0.0102617350508,0.00620462447
278.15,0.9,0.001,0.0129313389585,-0.0014057535
278.15,0.9,0.001167419359,0.0130495782507,-0.00129418412
278.15,0.9,0.001362867959,0.0129251607373,-0.00105026084
278.15,0.9,0.001591038439,0.0127793979475,-0.00102114606
278.15,0.9,0.001857409075,0.0128627039502,-0.00102723296
278.15,0.9,0.002168375311,0.0127552828472,-0.000959153019
278.15,0.9,0.002531403315,0.0127792216648,-0.000824680256
278.15,0.9,0.002955209235,0.0126189922308,-0.000821719444
278.15,0.9,0.003449968471,0.0126901222221,-0.000793247152
278.15,0.9,0.00402755998,0.0125052854983,-0.00084044191
278.15,0.9,0.004701851489,0.0125028348544,-0.000745026521
278.15,0.9,0.005489032451,0.0123759868575,-0.000739641713
278.15,0.9,0.006408002744,0.0123309570904,-0.000736366696
278.15,0.9,0.007480826455,0.0123692504788,-0.000510613399
278.15,0.9,0.008733261624,0.0122614662555,-0.000534175475
278.15,0.9,0.01019537869,0.0121836186067,-0.000489675745
278.15,0.9,0.01190228245,0.0120974010912,-0.000476448614
278.15,0.9,0.01389495494,0.0122154526891,-0.000329074975
278.15,0.9,0.01622123939,0.0121653166456,-0.00020917737
278.15,0.9,0.01893698889,0.0120807255918,-0.000265531258
278.15,0.9,0.02210740743,0.0120977551043,-0.000213340607
278.15,0.9,0.0258086154,0.0120058507854,-0.000316680598
278.15,0.9,0.03012947725,0.0119936556725,-0.000206019147
278.15,0.9,0.03517373501,0.0119934868433,-0.00018133696
278.15,0.9,0.04106249917,0.0120542221351,-8.51604703e-05
278.15,0.9,0.04793715646,0.0120415680604,-0.00015676
278.15,0.9,0.05596276445,0.0119707891228,-0.000198470874
278.15,0.9,0.0653320146,0.0120524977505,-0.000131922879
278.15,0.9,0.07626985859,0.0120486579947,-0.00014175177
278.15,0.9,0.08903890941,0.0120059582088,-1.80667839e-05
278.15,0.9,0.1039457465,0.0120524311001,-5.53213949e-05
278.15,0.9,0.1213482768,0.0119680468717,-6.62738251e-05
278.15,0.9,0.1416643275,0.0119740289189,-6.85410148e-05
278.15,0.9,0.1653816783,0.0120050350627,-2.22844744e-05
278.15,0.9,0.1930697729,0.0119709382206,-9.65941949e-05
278.15,0.9,0.2253933905,0.0120170456401,-0.000117365793
278.15,0.9,0.2631286074,0.0118913972982,-0.00017091392
278.15,0.9,0.3071814301,0.0120486745867,1.59856982e-05
278.15,0.9,0.3586095482,0.0119139021979,-2.20490944e-05
278.15,0.9,0.4186477288,0.0119481806627,-1.1867238e-05
278.15,0.9,0.4887374632,0.0118732238577,-4.63194157e-05
278.15,0.9,0.5705615759,0.0119891019751,5.12969947e-05
278.15,0.9,0.6660846291,0.0120270953513,-0.000106527176
278.15,0.9,0.7776000906,0.0120127762596,2.35679967e-05
278.15,0.9,0.9077853992,0.011996416306,-9.98917885e-05
278.15,0.9,1.059766249,0.0118514953279,-7.83626632e-05
278.15,0.9,1.237191635,0.0118956203184,-0.000126636573
278.15,0.9,1.444321465,0.0119124812708,-5.20286868e-05
278.15,0.9,1.686128838,0.0118819697955,-7.90764755e-05
278.15,0.9,1.968419447,0.012002273637,-4.13538495e-05
278.15,0.9,2.297970969,0.0119435728652,-0.000108482337
278.15,0.9,2.682695795,0.0119281017348,-0.000164269085
278.15,0.9,3.131831005,0.0119552406191,-5.63638921e-05
278.15,0.9,3.656160144,0.0118655364265,-2.39802643e-05
278.15,0.9,4.268272131,0.0118635794581,-6.90719795e-05
278.15,0.9,4.982863515,0.0118598102823,-0.000130272577
278.15,0.9,5.817091329,0.0119354774505,-0.000119148235
278.15,0.9,6.79098503,0.0119183604948,-0.000262723964
278.15,0.9,7.927927389,0.0119228820592,-0.000202463376
278.15,0.9,9.25521591,0.0119409002035,-0.000137199192
278.15,0.9,10.80471822,0.0117820026937,-0.00020515101
278.15,0.9,12.61363722,0.0118117032445,-0.000312123496
278.15,0.9,14.72540428,0.0118320074213,-0.000242678604
278.15,0.9,17.19072202,0.0117172694667,-0.000335341619
278.15,0.9,20.06878168,0.0117334628511,-0.000320636171
278.15,0.9,23.42868424,0.0117857447541,-0.000483473648
278.15,0.9,27.35109953,0.0117450447807,-0.000468846877
278.15,0.9,31.93020308,0.0116900671341,-0.000454818998
278.15,0.9,37.2759372,0.0115692279797,-0.000488622864
278.15,0.9,43.51665071,0.0114869592163,-0.000501595338
278.15,0.9,50.80218047,0.0114876733193,-0.000554520565
278.15,0.9,59.30744895,0.0113277206987,-0.000577391938
278.15,0.9,69.23666403,0.011289414786,-0.000542788929
278.15,0.9,80.82822193,0.0112669279126,-0.000515289475
278.15,0.9,94.36043101,0.0110976930637,-0.00063415137
278.15,0.9,110.1581939,0.011014806542,-0.000547051202
278.15,0.9,128.6008081,0.010984586365,-0.000514869305
278.15,0.9,150.1310729,0.0109609747495,-0.000466271918
278.15,0.9,175.2659209,0.0109042106444,-0.000389581916
278.15,0.9,204.6088289,0.0108421687903,-0.000486189252
278.15,0.9,238.8643079,0.0108248512038,-0.000356038224
278.15,0.9,278.8548172,0.0106742072325,-0.000449952499
278.15,0.9,325.5405119,0.0106832633781,-0.000371251192
278.15,0.9,380.0422956,0.0107099210442,-0.00033465159
278.15,0.9,443.6687331,0.0106254266822,-0.000298881227
278.15,0.9,517.9474679,0.0105788122675,-0.000296212968
278.15,0.9,604.6619009,0.0105623396306,-0.000271225698
278.15,0.9,705.8940087,0.0105547410741,-0.000242938825
278.15,0.9,824.074331,0.010571324398,-0.000220167182
278.15,0.9,962.0403271,0.0105044679093,-0.000283538289
278.15,0.9,1123.104502,0.0105489364437,-0.000239573899
278.15,0.9,1311.133937,0.0106043992788,-0.000166880917
278.15,0.9,1530.643141,0.0104868802066,-9.2417022e-05
278.15,0.9,1786.902434,0.0105417833096,-4.14753062e-05
278.15,0.9,2086.064493,0.010471602324,8.3472771e-05
278.15,0.9,2435.312073,0.0103807183499,-2.80846531e-05
278.15,0.9,2843.030459,0.0104095185895,-3.98886249e-05
278.15,0.9,3319.008796,0.0103564204708,4.86012878e-05
278.15,0.9,3874.67512,0.0104328116499,0.000117439417
278.15,0.9,4523.370745,0.0103190889315,0.000137508035
278.15,0.9,5280.670575,0.0104340903024,0.000130157372
278.15,0.9,6164.757056,0.0103826273975,0.00024185385
278.15,0.9,7196.85673,0.0102357954038,0.000316056079
278.15,0.9,8401.749869,0.0103691913532,0.000327380247
278.15,0.9,9808.365445,0.0103976037853,0.000431766817
278.15,0.9,11450.4757,0.0102657466112,0.000664000905
278.15,0.9,13367.507,0.0103469087124,0.000613359824
278.15,0.9,15605.48645,0.0101930549146,0.00088203838
278.15,0.9,18218.14699,0.0102890355509,0.00102895097
278.15,0.9,21268.21747,0.0101806061907,0.00131017299
278.15,0.9,24828.92881,0.0102824213113,0.00149879552
278.15,0.9,28985.77215,0.0101559056689,0.0016886631
278.15,0.9,33838.55153,0.0101032862067,0.00210853351
278.15,0.9,39503.78014,0.0102540502936,0.00237449989
278.15,0.9,46117.47768,0.0103476145178,0.00292910165
278.15,0.9,53838.43622,0.010187798977,0.00340223148
278.15,0.9,62852.03269,0.0102592117046,0.00388014465
278.15,0.9,73374.67971,0.0102145668804,0.00459282918
278.15,0.9,85659.02154,0.0101847320278,0.00533621726
278.15,0.9,100000,0.0102355032199,0.00617691934
288.15,0.1,0.001,0.0130402005092,-0.00335924494
288.15,0.1,0.001167419359,0.0128362036008,-0.00295962457
288.15,0.1,0.001362867959,0.012940088129,-0.00255912916
288.15,0.1,0.001591038439,0.0129069458367,-0.00223208803
288.15,0.1,0.001857409075,0.0127687148515,-0.00194861718
288.15,0.1,0.002168375311,0.0129379577335,-0.00175594427
288.15,0.1,0.002531403315,0.012924685866,-0.00164828039
288.15,0.1,0.002955209235,0.0126961830443,-0.00148790847
288.15,0.1,0.003449968471,0.0128191807193,-0.00134306958
288.15,0.1,0.00402755998,0.0126547568056,-0.00127162856
288.15,0.1,0.004701851489,0.0125771361796,-0.00118711459
288.15,0.1,0.005489032451,0.0126131200992,-0.000973377791
288.15,0.1,0.006408002744,0.0124614368467,-0.000981521769
288.15,0.1,0.007480826455,0.0123959707852,-0.000820595884
288.15,0.1,0.008733261624,0.0124008543883,-0.000911912423
288.15,0.1,0.01019537869,0.0123221457982,-0.000796939802
288.15,0.1,0.01190228245,0.0122392418591,-0.000753032764
288.15,0.1,0.01389495494,0.0120473857286,-0.000685921013
288.15,0.1,0.01622123939,0.0119910638862,-0.000619522016
288.15,0.1,0.01893698889,0.0121133435838,-0.000553733454
288.15,0.1,0.02210740743,0.0119538978072,-0.000521124248
288.15,0.1,0.0258086154,0.0119868778869,-0.000341533388
288.15,0.1,0.03012947725,0.0118857747481,-0.000366430289
288.15,0.1,0.03517373501,0.0119141061552,-0.000412501873
288.15,0.1,0.04106249917,0.0118266051033,-0.000366497895
288.15,0.1,0.04793715646,0.0119794981488,-0.000259758271
288.15,0.1,0.05596276445,0.0118039269153,-0.000244072092
288.15,0.1,0.0653320146,0.0118405832168,-0.000287138619
288.15,0.1,0.07626985859,0.0118215544057,-0.000174938685
288.15,0.1,0.08903890941,0.0118901505974,-0.000293028669
288.15,0.1,0.1039457465,0.0117223732358,-0.000218904027
288.15,0.1,0.1213482768,0.0117926168734,-7.43628847e-05
288.15,0.1,0.1416643275,0.0117715768597,-0.000312940983
288.15,0.1,0.1653816783,0.0118052768536,-0.000159904181
288.15,0.1,0.1930697729,0.0117927828162,-7.90411357e-05
288.15,0.1,0.2253933905,0.0117293799412,-0.000134883271
288.15,0.1,0.2631286074,0.0117629668752,-0.000162931985
288.15,0.1,0.3071814301,0.0117197066842,-0.00016140062
288.15,0.1,0.3586095482,0.0117624820227,-0.000223778777
288.15,0.1,0.4186477288,0.0117227604253,-0.000174075405
288.15,0.1,0.4887374632,0.0116845106363,-8.84024994e-05
288.15,0.1,0.5705615759,0.0117158365401,-0.000121347623
288.15,0.1,0.6660846291,0.0117335743858,-8.60369688e-05
288.15,0.1,0.7776000906,0.011839990428,-9.18603478e-05
288.15,0.1,0.9077853992,0.0116738998245,-6.54894953e-05
288.15,0.1,1.059766249,0.0117160432743,-0.000177884387
288.15,0.1,1.237191635,0.0117792298088,-0.000100280672
288.15,0.1,1.444321465,0.0115678645052,-0.000103784064
288.15,0.1,1.686128838,0.0115831360783,-0.000105025959
288.15,0.1,1.968419447,0.0116111316551,-0.000142374304
288.15,0.1,2.297970969,0.0116693161353,-0.000222992983
288.15,0.1,2.682695795,0.0118135635326,-6.64721485e-05
288.15,0.1,3.131831005,0.0116888242948,-6.4060331e-05
288.15,0.1,3.656160144,0.0117307510985,1.59141423e-05
288.15,0.1,4.268272131,0.0116410171375,-9.04108701e-05
288.15,0.1,4.982863515,0.0115032224587,-5.14387006e-05
288.15,0.1,5.817091329,0.0115036506515,-0.000127607288
288.15,0.1,6.79098503,0.011687642975,-0.000201868506
288.15,0.1,7.927927389,0.0116273921745,-0.000172028465
288.15,0.1,9.25521591,0.0115272096211,-0.000290691146
288.15,0.1,10.80471822,0.0116502951236,-0.000235428321
288.15,0.1,12.61363722,0.0114760107012,-0.000283811887
288.15,0.1,14.72540428,0.0116057315325,-0.000368340098
288.15,0.1,17.19072202,0.0115940867876,-0.000270718212
288.15,0.1,20.06878168,0.0114311888405,-0.000310299386
288.15,0.1,23.42868424,0.0113699822186,-0.000381384548
288.15,0.1,27.35109953,0.0114330550349,-0.000394185207
288.15,0.1,31.93020308,0.0112676924606,-0.000377913977
288.15,0.1,37.2759372,0.0113168678493,-0.000503879653
288.15,0.1,43.51665071,0.0111342297502,-0.000592012078
288.15,0.1,50.80218047,0.0111751016853,-0.000583059853
288.15,0.1,59.30744895,0.0110618265947,-0.000498040166
288.15,0.1,69.23666403,0.0109590162685,-0.000521301199
288.15,0.1,80.82822193,0.010861744644,-0.000603812095
288.15,0.1,94.36043101,0.0108549105756,-0.000434806069
288.15,0.1,110.1581939,0.0106762313624,-0.000470787379
288.15,0.1,128.6008081,0.0107057878134,-0.000368427807
288.15,0.1,150.1310729,0.0106481371166,-0.000363422003
288.15,0.1,175.2659209,0.0106604987102,-0.000413543249
288.15,0.1,204.6088289,0.0105193039189,-0.000352896857
288.15,0.1,238.8643079,0.0106429382006,-0.000364368258
288.15,0.1,278.8548172,0.0105076527872,-0.000339274074
288.15,0.1,325.5405119,0.0104398416935,-0.000282306234
288.15,0.1,380.0422956,0.0105510365153,-0.000214199225
288.15,0.1,443.6687331,0.0105466990039,-0.000144606947
288.15,0.1,517.9474679,0.0104331390937,-0.000238946536
288.15,0.1,604.6619009,0.0103811253929,-0.000135311715
288.15,0.1,705.8940087,0.0104140718613,-0.000149470599
288.15,0.1,824.074331,0.0103636560755,-0.000143519833
288.15,0.1,962.0403271,0.0103701080134,-5.50650919e-05
288.15,0.1,1123.104502,0.0104541556891,-0.000112248297
288.15,0.1,1311.133937,0.0103807741993,-3.31398504e-06
288.15,0.1,1530.643141,0.0103552433248,-7.00170527e-05
288.15,0.1,1786.902434,0.0103529750784,-7.71784827e-05
288.15,0.1,2086.064493,0.0103196886717,3.48082439e-05
288.15,0.1,2435.312073,0.0103540201855,-5.05613819e-05
288.15,0.1,2843.030459,0.0103443630783,-4.55556266e-06
288.15,0.1,3319.008796,0.0102691260763,8.27228658e-05
288.15,0.1,3874.67512,0.0102832740736,0.000133369717
288.15,0.1,4523.370745,0.0103921865205,0.000166095934
288.15,0.1,5280.670575,0.0102808397326,0.000132219789
288.15,0.1,6164.757056,0.0102411274657,0.000225385056
288.15,0.1,7196.85673,0.0103475534198,0.000388991526
288.15,0.1,8401.749869,0.0102352235433,0.000470473827
288.15,0.1,9808.365445,0.010171113115,0.000484182603
288.15,0.1,11450.4757,0.0102547327051,0.00065615697
288.15,0.1,13367.507,0.0101673199969,0.000777187354
288.15,0.1,15605.48645,0.0101814157932,0.000962489092
288.15,0.1,18218.14699,0.010217359597,0.00104076007
288.15,0.1,21268.21747,0.0101880402884,0.0013471949
288.15,0.1,24828.92881,0.0101493376872,0.0014838977
288.15,0.1,28985.77215,0.0101544489094,0.00183757747
288.15,0.1,33838.55153,0.0101465642421,0.00211892909
288.15,0.1,39503.78014,0.0102330467138,0.00237743915
288.15,0.1,46117.47768,0.0101289651013,0.00283209405
288.15,0.1,53838.43622,0.0101316838619,0.00335157009
288.15,0.1,62852.03269,0.0102687642658,0.00396052308
288.15,0.1,73374.67971,0.0101229167293,0.00449284364
288.15,0.1,85659.02154,0.0102353592399,0.00531558041
288.15,0.1,100000,0.0102248170676,0.00628468077
288.15,0.3,0.001,0.0118199336492,-0.000608513415
288.15,0.3,0.001167419359,0.0117376629189,-0.00063181276
288.15,0.3,0.001362867959,0.0118403122266,-0.000568547984
288.15,0.3,0.001591038439,0.0118438431106,-0.000447450404
288.15,0.3,0.001857409075,0.0118499281644,-0.000499580515
288.15,0.3,0.002168375311,0.0117832476592,-0.000401151057
288.15,0.3,0.002531403315,0.0118328673193,-0.000343648049
288.15,0.3,0.002955209235,0.0118227737653,-0.000384533864
288.15,0.3,0.003449968471,0.0116540954862,-0.000534022348
288.15,0.3,0.00402755998,0.0117697397387,-0.000303677776
288.15,0.3,0.004701851489,0.0116623982294,-0.000299777384
288.15,0.3,0.005489032451,0.0115820098132,-0.000277658395
288.15,0.3,0.006408002744,0.0115570331816,-0.000300283276
288.15,0.3,0.007480826455,0.0116440483424,-0.000432965557
288.15,0.3,0.008733261624,0.0115538606656,-0.000237968318
288.15,0.3,0.01019537869,0.0113590743548,-0.000278923572
288.15,0.3,0.01190228245,0.0114345687238,-0.000222461085
288.15,0.3,0.01389495494,0.0113942418542,-0.000261144216
288.15,0.3,0.01622123939,0.0113689032341,-0.000242119666
288.15,0.3,0.01893698889,0.011330361162,-0.000218603073
288.15,0.3,0.02210740743,0.0112609604825,-9.34007318e-05
288.15,0.3,0.0258086154,0.0113793316046,-0.00014808718
288.15,0.3,0.03012947725,0.0112666096299,-0.000156863493
288.15,0.3,0.03517373501,0.0112900251821,-0.000201277478
288.15,0.3,0.04106249917,0.0112695291671,-8.82007909e-05
288.15,0.3,0.04793715646,0.0112562355553,-0.000101175056
288.15,0.3,0.05596276445,0.0113339967009,-8.16866873e-05
288.15,0.3,0.0653320146,0.0113091043414,-2.49382638e-05
288.15,0.3,0.07626985859,0.0112454211571,-3.09091475e-05
288.15,0.3,0.08903890941,0.0112266813577,-6.35510238e-05
288.15,0.3,0.1039457465,0.0112504398477,-4.47289462e-05
288.15,0.3,0.1213482768,0.0113287224072,-4.57449974e-05
288.15,0.3,0.1416643275,0.0112789188582,-5.21729084e-06
288.15,0.3,0.1653816783,0.0112828337253,-2.09962528e-06
288.15,0.3,0.1930697729,0.0112493154064,-2.8980048e-05
288.15,0.3,0.2253933905,0.0112515745784,-8.14814829e-05
288.15,0.3,0.2631286074,0.0112767590168,1.68867001e-05
288.15,0.3,0.3071814301,0.0111593488397,2.25217098e-05
288.15,0.3,0.3586095482,0.0113526553127,-8.60402631e-05
288.15,0.3,0.4186477288,0.0112163494687,-2.61466754e-06
288.15,0.3,0.4887374632,0.011227597852,-4.4862188e-05
288.15,0.3,0.5705615759,0.0113339018116,-0.000144971728
288.15,0.3,0.6660846291,0.0112700856847,-2.43739192e-05
288.15,0.3,0.7776000906,0.0112589819813,3.15469391e-05
288.15,0.3,0.9077853992,0.0112228562696,-6.29980428e-05
288.15,0.3,1.059766249,0.0111669123142,-6.22131703e-05
288.15,0.3,1.237191635,0.0112642484218,3.35630894e-05
288.15,0.3,1.444321465,0.0113201484771,-8.68540889e-05
288.15,0.3,1.686128838,0.0112013010383,-7.97902912e-05
288.15,0.3,1.968419447,0.0113275361445,-4.71931942e-05
288.15,0.3,2.297970969,0.0111863511928,2.70796687e-06
288.15,0.3,2.682695795,0.0112072339626,-4.74517723e-07
288.15,0.3,3.131831005,0.0112755837241,-6.93643602e-05
288.15,0.3,3.656160144,0.0112455639931,-6.19455518e-05
288.15,0.3,4.268272131,0.0112825812192,-4.52803069e-05
288.15,0.3,4.982863515,0.0111999128427,-7.86483713e-05
288.15,0.3,5.817091329,0.011181088717,-0.000112859544
288.15,0.3,6.79098503,0.0111311332353,-0.000134402359
288.15,0.3,7.927927389,0.0111647387573,-4.32706774e-05
288.15,0.3,9.25521591,0.011167435655,-0.000106825223
288.15,0.3,10.80471822,0.0111422661692,5.27481665e-05
288.15,0.3,12.61363722,0.0112328557767,-8.70660296e-05
288.15,0.3,14.72540428,0.0111699886066,-0.000180149562
288.15,0.3,17.19072202,0.0110855547421,-0.000156037158
288.15,0.3,20.06878168,0.0113230846996,-0.000156803605
288.15,0.3,23.42868424,0.0111220140584,-0.000174956375
288.15,0.3,27.35109953,0.0110797230852,-0.000194959829
288.15,0.3,31.93020308,0.011195936166,-0.000218169697
288.15,0.3,37.2759372,0.0111645373298,-0.000274767254
288.15,0.3,43.51665071,0.0110043567572,-0.000254544483
288.15,0.3,50.80218047,0.0109502801243,-0.000191926382
288.15,0.3,59.30744895,0.0109356125512,-0.000355506592
288.15,0.3,69.23666403,0.011007422634,-0.000367642029
288.15,0.3,80.82822193,0.0108804918741,-0.00031911324
288.15,0.3,94.36043101,0.0108035552062,-0.000295711434
288.15,0.3,110.1581939,0.0107953657918,-0.000318913538
288.15,0.3,128.6008081,0.0108119868731,-0.00029199477
288.15,0.3,150.1310729,0.0106253773267,-0.000349056556
288.15,0.3,175.2659209,0.010635002744,-0.000343688973
288.15,0.3,204.6088289,0.0105415750107,-0.000278613134
288.15,0.3,238.8643079,0.0106937338164,-0.00025734914
288.15,0.3,278.8548172,0.0106426459582,-0.000183450559
288.15,0.3,325.5405119,0.0105685987963,-0.000167758176
288.15,0.3,380.0422956,0.0104868523989,-0.000323305519
288.15,0.3,443.6687331,0.0105065985813,-0.000166253484
288.15,0.3,517.9474679,0.0103428169687,-0.000221513577
288.15,0.3,604.6619009,0.0104496040591,-0.000276836873
288.15,0.3,705.8940087,0.0103494677155,-0.000128138819
288.15,0.3,824.074331,0.0103351013469,-0.000138884701
288.15,0.3,962.0403271,0.0103530772217,-0.000129832856
288.15,0.3,1123.104502,0.0103576825211,-0.000159497718
288.15,0.3,1311.133937,0.010392106086,-0.000125999383
288.15,0.3,1530.643141,0.0103853697557,-6.3746244e-05
288.15,0.3,1786.902434,0.0103496976026,-0.000106899739
288.15,0.3,2086.064493,0.0102747057925,-1.01991918e-05
288.15,0.3,2435.312073,0.0103460586227,2.95336557e-05
288.15,0.3,2843.030459,0.0102932909675,4.77907591e-05
288.15,0.3,3319.008796,0.0103491992383,0.00010706186
288.15,0.3,3874.67512,0.0102310015119,0.000129140558
288.15,0.3,4523.370745,0.0101265660244,0.000119616142
288.15,0.3,5280.670575,0.0102349107645,0.000179164646
288.15,0.3,6164.757056,0.0103610890236,0.000299398968
288.15,0.3,7196.85673,0.0102666486123,0.000411297305
288.15,0.3,8401.749869,0.010224860131,0.000449702854
288.15,0.3,9808.365445,0.0102726042211,0.00050884552
288.15,0.3,11450.4757,0.0102459965071,0.00064998112
288.15,0.3,13367.507,0.0102370535079,0.000673210265
288.15,0.3,15605.48645,0.0101805984862,0.00085871653
288.15,0.3,18218.14699,0.0102045426902,0.00105752045
288.15,0.3,21268.21747,0.0102048947241,0.00126817584
288.15,0.3,24828.92881,0.0101555638988,0.00148132436
288.15,0.3,28985.77215,0.0101251142831,0.00174803087
288.15,0.3,33838.55153,0.0101845979915,0.00200819815
288.15,0.3,39503.78014,0.0102227080013,0.0023985082
288.15,0.3,46117.47768,0.0102011984004,0.00285980693
288.15,0.3,53838.43622,0.0101887009717,0.00323647612
288.15,0.3,62852.03269,0.0101852962042,0.00383860048
288.15,0.3,73374.67971,0.0102975930423,0.00454830719
288.15,0.3,85659.02154,0.0101648458606,0.00542684852
288.15,0.3,100000,0.0102085121736,0.00628591974
288.15,0.5,0.001,0.0118395568391,-0.000587397742
288.15,0.5,0.001167419359,0.0117194919008,-0.000528844665
288.15,0.5,0.001362867959,0.0117227788895,-0.000574884567
288.15,0.5,0.001591038439,0.0117580740516,-0.00050563521
288.15,0.5,0.001857409075,0.0117835907721,-0.000533108257
288.15,0.5,0.002168375311,0.0116888072865,-0.000368191197
288.15,0.5,0.002531403315,0.011674282367,-0.000373676727
288.15,0.5,0.002955209235,0.0116373288372,-0.0003672066
288.15,0.5,0.003449968471,0.0115367914937,-0.000352990275
288.15,0.5,0.00402755998,0.0116419102604,-0.000357098305
288.15,0.5,0.004701851489,0.0115288469104,-0.000364602781
288.15,0.5,0.005489032451,0.0114073993904,-0.000352512853
288.15,0.5,0.006408002744,0.0114589206698,-0.00028819776
288.15,0.5,0.007480826455,0.0113289107815,-0.000388039848
288.15,0.5,0.008733261624,0.0113321258391,-0.000384621176
288.15,0.5,0.01019537869,0.0113550215901,-0.000304162584
288.15,0.5,0.01190228245,0.0112700872259,-0.000215829249
288.15,0.5,0.01389495494,0.0113551352608,-0.000243726732
288.15,0.5,0.01622123939,0.0111884597903,-0.000244693115
288.15,0.5,0.01893698889,0.0112666310841,-0.000163138004
288.15,0.5,0.02210740743,0.0112671079164,-0.000181735535
288.15,0.5,0.0258086154,0.0113045425651,-0.000274067661
288.15,0.5,0.03012947725,0.0112634538022,-0.000205749962
288.15,0.5,0.03517373501,0.0112158199956,-0.000249811914
288.15,0.5,0.04106249917,0.0111997316304,-0.000130737897
288.15,0.5,0.04793715646,0.0111855814465,-0.000130376257
288.15,0.5,0.05596276445,0.0112470688328,-6.94560669e-05
288.15,0.5,0.0653320146,0.0111419599615,3.38773954e-05
288.15,0.5,0.07626985859,0.011203658697,-0.000107929355
288.15,0.5,0.08903890941,0.0111657104036,-6.63242491e-05
288.15,0.5,0.1039457465,0.0111812005012,-8.09307875e-05
288.15,0.5,0.1213482768,0.0111503129935,-0.000209854842
288.15,0.5,0.1416643275,0.0112816391203,-9.03565739e-05
288.15,0.5,0.1653816783,0.0111235984687,-8.31953098e-05
288.15,0.5,0.1930697729,0.0111724199813,-2.37496808e-05
288.15,0.5,0.2253933905,0.0111719256593,-8.19293707e-05
288.15,0.5,0.2631286074,0.0111888545261,-0.00010390169
288.15,0.5,0.3071814301,0.011178613192,3.23064965e-06
288.15,0.5,0.3586095482,0.0111758490967,-3.08136348e-05
288.15,0.5,0.4186477288,0.0112057075922,-7.49759326e-05
288.15,0.5,0.4887374632,0.0110659477927,-6.58155331e-05
288.15,0.5,0.5705615759,0.0111493525156,-3.92221004e-05
288.15,0.5,0.6660846291,0.0110790617252,2.37928965e-05
288.15,0.5,0.7776000906,0.011159847031,5.7808209e-05
288.15,0.5,0.9077853992,0.0110800816639,-9.34186229e-05
288.15,0.5,1.059766249,0.0110916278893,4.37621e-05
288.15,0.5,1.237191635,0.0111408958008,-1.83083989e-05
288.15,0.5,1.444321465,0.0112212199802,-2.04213067e-06
288.15,0.5,1.686128838,0.0111747284981,3.07300499e-05
288.15,0.5,1.968419447,0.0111581984514,-7.81367025e-05
288.15,0.5,2.297970969,0.0112189109619,2.1103077e-05
288.15,0.5,2.682695795,0.0110871081205,-0.000101330196
288.15,0.5,3.131831005,0.0110221610824,-5.76292603e-05
288.15,0.5,3.656160144,0.0111138648986,-8.2328557e-05
288.15,0.5,4.268272131,0.0111206193907,5.42845152e-05
288.15,0.5,4.982863515,0.011203285553,4.69529274e-05
288.15,0.5,5.817091329,0.0112517982263,-7.47958829e-06
288.15,0.5,6.79098503,0.0110565817413,-2.73362542e-05
288.15,0.5,7.927927389,0.0112658534113,-9.26841941e-05
288.15,0.5,9.25521591,0.0112119413974,2.46966292e-05
288.15,0.5,10.80471822,0.01116778552,-4.0320548e-06
288.15,0.5,12.61363722,0.0111370022781,-4.25481894e-05
288.15,0.5,14.72540428,0.0112456501259,-0.000110875351
288.15,0.5,17.19072202,0.0111083520973,-0.000137830973
288.15,0.5,20.06878168,0.0110689731434,-0.000138630063
288.15,0.5,23.42868424,0.0110923340596,-7.76407731e-05
288.15,0.5,27.35109953,0.0109957780149,-0.00022139452
288.15,0.5,31.93020308,0.0110817636192,-0.000182525512
288.15,0.5,37.2759372,0.0110303704139,-0.00011984645
288.15,0.5,43.51665071,0.0110316508947,-0.000182071606
288.15,0.5,50.80218047,0.0110061781326,-0.0001560081
288.15,0.5,59.30744895,0.0108971034887,-0.000248083807
288.15,0.5,69.23666403,0.01099161964,-0.000264801821
288.15,0.5,80.82822193,0.0108254327549,-0.000227637286
288.15,0.5,94.36043101,0.0108867820406,-0.000277572953
288.15,0.5,110.1581939,0.0107086590872,-0.000299942998
288.15,0.5,128.6008081,0.010770031085,-0.000346226754
288.15,0.5,150.1310729,0.0106620938788,-0.000393459035
288.15,0.5,175.2659209,0.0106659931414,-0.000226730163
288.15,0.5,204.6088289,0.0105895138808,-0.000314835297
288.15,0.5,238.8643079,0.0104722474717,-0.000316259093
288.15,0.5,278.8548172,0.0104963600601,-0.000213851286
288.15,0.5,325.5405119,0.0105297551561,-0.000286681168
288.15,0.5,380.0422956,0.0105331879639,-0.00029131669
288.15,0.5,443.6687331,0.0104006755008,-0.000231148776
288.15,0.5,517.9474679,0.0103462313129,-0.000185736847
288.15,0.5,604.6619009,0.0103935316211,-0.0001498232
288.15,0.5,705.8940087,0.0104112891701,-0.000119275601
288.15,0.5,824.074331,0.0103737629012,-7.7730326e-05
288.15,0.5,962.0403271,0.0103498817411,-0.000115680891
288.15,0.5,1123.104502,0.010421910506,-7.23359673e-05
288.15,0.5,1311.133937,0.0104140613823,-7.74200833e-05
288.15,0.5,1530.643141,0.0103889505103,-8.36376864e-05
288.15,0.5,1786.902434,0.0102889406793,-7.43464835e-06
288.15,0.5,2086.064493,0.0103285644158,1.53204996e-05
288.15,0.5,2435.312073,0.0103023129845,0.000120213669
288.15,0.5,2843.030459,0.0102270305116,8.80915011e-05
288.15,0.5,3319.008796,0.01033485728,5.81382295e-05
288.15,0.5,3874.67512,0.0102835935311,0.000164953685
288.15,0.5,4523.370745,0.0102444619048,0.000168337091
288.15,0.5,5280.670575,0.0103329850327,0.00031414164
288.15,0.5,6164.757056,0.0102908077546,0.000208056094
288.15,0.5,7196.85673,0.0102873235686,0.000330503405
288.15,0.5,8401.749869,0.010297109821,0.000410697616
288.15,0.5,9808.365445,0.0102649297419,0.000542707272
288.15,0.5,11450.4757,0.010156251501,0.000637089562
288.15,0.5,13367.507,0.010194309013,0.000687233044
288.15,0.5,15605.48645,0.0102590950334,0.000817358769
288.15,0.5,18218.14699,0.0101619792295,0.00108835819
288.15,0.5,21268.21747,0.0101972286541,0.00134819891
288.15,0.5,24828.92881,0.0102098961065,0.00157436805
288.15,0.5,28985.77215,0.0102581633282,0.00174401167
288.15,0.5,33838.55153,0.0102455780092,0.00209573041
288.15,0.5,39503.78014,0.0102198000435,0.00238617504
288.15,0.5,46117.47768,0.0101579392306,0.00277396309
288.15,0.5,53838.43622,0.0102119651094,0.00340209177
288.15,0.5,62852.03269,0.0101873507418,0.00394288098
288.15,0.5,73374.67971,0.0101455064105,0.0045521563
288.15,0.5,85659.02154,0.0102285904434,0.00532397945
288.15,0.5,100000,0.0101767038648,0.00630286614
288.15,0.7,0.001,0.0117139145143,-0.000904256658
288.15,0.7,0.001167419359,0.0118236597567,-0.000838504774
288.15,0.7,0.001362867959,0.0117235086351,-0.000716376829
288.15,0.7,0.001591038439,0.0117613111136,-0.000662614136
288.15,0.7,0.001857409075,0.0116230965952,-0.000628534889
288.15,0.7,0.002168375311,0.0116949127144,-0.000601036001
288.15,0.7,0.002531403315,0.011621200545,-0.00047096984
288.15,0.7,0.002955209235,0.0115964495382,-0.000524289305
288.15,0.7,0.003449968471,0.0115144332204,-0.0005437713
288.15,0.7,0.00402755998,0.0117178451348,-0.000355681121
288.15,0.7,0.004701851489,0.0115485558945,-0.00037278777
288.15,0.7,0.005489032451,0.0115312907973,-0.00039877044
288.15,0.7,0.006408002744,0.0115394909567,-0.000415047159
288.15,0.7,0.007480826455,0.0114268897209,-0.000380374357
288.15,0.7,0.008733261624,0.0114225088907,-0.000450040595
288.15,0.7,0.01019537869,0.011278303817,-0.000344328081
288.15,0.7,0.01190228245,0.0113327467123,-0.000301012411
288.15,0.7,0.01389495494,0.0112687027149,-0.000299911133
288.15,0.7,0.01622123939,0.0112950663009,-0.000237450852
288.15,0.7,0.01893698889,0.0112558300235,-0.0002780342
288.15,0.7,0.02210740743,0.0111501578227,-0.000201234828
288.15,0.7,0.0258086154,0.011109391262,-0.000275516825
288.15,0.7,0.03012947725,0.0111440821691,-0.000170117808
288.15,0.7,0.03517373501,0.0112318307843,-0.000184338739
288.15,0.7,0.04106249917,0.0112055535656,-0.000207312237
288.15,0.7,0.04793715646,0.0111967497405,-0.000141732164
288.15,0.7,0.05596276445,0.0110548915474,-0.000105912578
288.15,0.7,0.0653320146,0.0110117836328,-0.000128361646
288.15,0.7,0.07626985859,0.0111219784618,-3.47193415e-05
288.15,0.7,0.08903890941,0.0111336955007,-0.000114854783
288.15,0.7,0.1039457465,0.011114579755,-1.73673799e-05
288.15,0.7,0.1213482768,0.011164373402,-2.17078274e-05
288.15,0.7,0.1416643275,0.0111318547992,-8.84596223e-05
288.15,0.7,0.1653816783,0.0110724419538,2.85466513e-05
288.15,0.7,0.1930697729,0.0110868844203,-0.00011946356
288.15,0.7,0.2253933905,0.0111414782926,-1.1584273e-05
288.15,0.7,0.2631286074,0.0111354127191,-3.34275795e-05
288.15,0.7,0.3071814301,0.0111252815092,7.93205127e-06
288.15,0.7,0.3586095482,0.0112537763153,-0.000116620927
288.15,0.7,0.4186477288,0.0111113658259,-9.37774827e-05
288.15,0.7,0.4887374632,0.0111311393894,-7.22297944e-05
288.15,0.7,0.5705615759,0.0110676469723,-2.42802681e-05
288.15,0.7,0.6660846291,0.0111017461181,-1.95634327e-05
288.15,0.7,0.7776000906,0.0111496106185,-2.23203053e-05
288.15,0.7,0.9077853992,0.0111508037449,-3.69477292e-05
288.15,0.7,1.059766249,0.0111093881061,-6.10593498e-05
288.15,0.7,1.237191635,0.0111389955505,-9.72895631e-05
288.15,0.7,1.444321465,0.0111190325052,-4.64560669e-05
288.15,0.7,1.686128838,0.0110103533204,4.97357306e-06
288.15,0.7,1.968419447,0.0109318372204,3.0366091e-05
288.15,0.7,2.297970969,0.0112411473585,-5.40807363e-05
288.15,0.7,2.682695795,0.0111577875904,2.99065782e-05
288.15,0.7,3.131831005,0.0111073011066,-0.000104641076
288.15,0.7,3.656160144,0.0110126546497,8.37123137e-06
288.15,0.7,4.268272131,0.0110369759533,-9.6603491e-05
288.15,0.7,4.982863515,0.0111815669158,-2.8385576e-05
288.15,0.7,5.817091329,0.010949704501,-9.85993367e-05
288.15,0.7,6.79098503,0.0110844732943,-0.000105094597
288.15,0.7,7.927927389,0.0111482944178,-8.8649341e-05
288.15,0.7,9.25521591,0.0111051922184,1.05239087e-05
288.15,0.7,10.80471822,0.0111356937185,-0.000111626455
288.15,0.7,12.61363722,0.0110823978943,-5.1699688e-05
288.15,0.7,14.72540428,0.0112172641557,-8.83806596e-05
288.15,0.7,17.19072202,0.0110214394443,-9.31859539e-05
288.15,0.7,20.06878168,0.0109953192645,-0.000106891825
288.15,0.7,23.42868424,0.0110764862401,-0.000105589855
288.15,0.7,27.35109953,0.0111287079694,-0.000221842931
288.15,0.7,31.93020308,0.0110324606244,-0.000173114586
288.15,0.7,37.2759372,0.0110761287557,-0.000176337624
288.15,0.7,43.51665071,0.010968428109,-0.00024684484
288.15,0.7,50.80218047,0.0109080074973,-0.000216705918
288.15,0.7,59.30744895,0.0110210040079,-0.000310127443
288.15,0.7,69.23666403,0.0109971860802,-0.000234753622
288.15,0.7,80.82822193,0.0109583070109,-0.000326130388
288.15,0.7,94.36043101,0.0108112541694,-0.000315331734
288.15,0.7,110.1581939,0.0107304135167,-0.000266001082
288.15,0.7,128.6008081,0.0106865333971,-0.000253383682
288.15,0.7,150.1310729,0.0106941587152,-0.000337300399
288.15,0.7,175.2659209,0.010695417439,-0.000333536637
288.15,0.7,204.6088289,0.0106519767409,-0.000237499392
288.15,0.7,238.8643079,0.0105126446175,-0.000423500837
288.15,0.7,278.8548172,0.0105661075296,-0.000188369863
288.15,0.7,325.5405119,0.0105274734828,-0.000172741636
288.15,0.7,380.0422956,0.0105053500974,-0.000275171126
288.15,0.7,443.6687331,0.0104764195671,-0.000140483643
288.15,0.7,517.9474679,0.0104466540042,-0.000164291557
288.15,0.7,604.6619009,0.0104697633225,-0.000141138483
288.15,0.7,705.8940087,0.0104285630265,-0.000264631157
288.15,0.7,824.074331,0.0104180184256,-0.000153786947
288.15,0.7,962.0403271,0.0103555852287,-0.000120674788
288.15,0.7,1123.104502,0.0103977973931,-0.000113281861
288.15,0.7,1311.133937,0.010357185232,-9.28316979e-05
288.15,0.7,1530.643141,0.0102405247317,-6.69146984e-05
288.15,0.7,1786.902434,0.0103618063099,-0.00017463431
288.15,0.7,2086.064493,0.0103103517924,-1.46338898e-05
288.15,0.7,2435.312073,0.0103593985146,-1.12365623e-05
288.15,0.7,2843.030459,0.0102915180471,5.11595668e-05
288.15,0.7,3319.008796,0.0102838354296,6.66844729e-05
288.15,0.7,3874.67512,0.0102892402968,0.000132385143
288.15,0.7,4523.370745,0.0102680269881,0.000193218465
288.15,0.7,5280.670575,0.0102365795693,0.000321029591
288.15,0.7,6164.757056,0.0101589473904,0.000251109888
288.15,0.7,7196.85673,0.0103371301295,0.000446581496
288.15,0.7,8401.749869,0.010154010287,0.00042980089
288.15,0.7,9808.365445,0.0102099163906,0.000489597477
288.15,0.7,11450.4757,0.0102537096592,0.00056883442
288.15,0.7,13367.507,0.0102329136942,0.000808759271
288.15,0.7,15605.48645,0.0102359927708,0.000833439884
288.15,0.7,18218.14699,0.0102400964068,0.00112254763
288.15,0.7,21268.21747,0.0102594635036,0.00128883157
288.15,0.7,24828.92881,0.0102039667636,0.00146937131
288.15,0.7,28985.77215,0.0103331119365,0.00172828762
288.15,0.7,33838.55153,0.0101247554398,0.00209435983
288.15,0.7,39503.78014,0.0101839585297,0.00243634012
288.15,0.7,46117.47768,0.0101479780483,0.00288515467
288.15,0.7,53838.43622,0.0101331324401,0.00333466097
288.15,0.7,62852.03269,0.0101734864388,0.00387653988
288.15,0.7,73374.67971,0.0102349230307,0.00459703354
288.15,0.7,85659.02154,0.0101092113796,0.00527501254
288.15,0.7,100000,0.0101040803936,0.00629524408
288.15,0.9,0.001,0.0119173920232,-0.00124808471
288.15,0.9,0.001167419359,0.0118969185292,-0.0011690103
288.15,0.9,0.001362867959,0.0119696732323,-0.00104010528
288.15,0.9,0.001591038439,0.0119010580603,-0.000898030534
288.15,0.9,0.001857409075,0.0118380740704,-0.000901364915
288.15,0.9,0.002168375311,0.0117865288016,-0.000647486169
288.15,0.9,0.002531403315,0.0117967458869,-0.000618044923
288.15,0.9,0.002955209235,0.0117476319006,-0.000693957285
288.15,0.9,0.003449968471,0.0116470953256,-0.0006025999
288.15,0.9,0.00402755998,0.0116922445424,-0.000469894043
288.15,0.9,0.004701851489,0.0116416271983,-0.000518704341
288.15,0.9,0.005489032451,0.0115948935796,-0.000575177003
288.15,0.9,0.006408002744,0.0115380861033,-0.000614508481
288.15,0.9,0.007480826455,0.0116146315521,-0.000557539621
288.15,0.9,0.008733261624,0.011513097069,-0.000367992672
288.15,0.9,0.01019537869,0.0114857286333,-0.00038604283
288.15,0.9,0.01190228245,0.0113606405659,-0.000444834479
288.15,0.9,0.01389495494,0.0113048593265,-0.000299437345
288.15,0.9,0.01622123939,0.0113191875284,-0.000327731854
288.15,0.9,0.01893698889,0.0113254665388,-0.000314732373
288.15,0.9,0.02210740743,0.0112722660753,-0.000278710108
288.15,0.9,0.0258086154,0.0112643759537,-0.000249973728
288.15,0.9,0.03012947725,0.011314918272,-0.00010830007
288.15,0.9,0.03517373501,0.0112654799201,-0.000232705558
288.15,0.9,0.04106249917,0.0111828948629,-0.000183994496
288.15,0.9,0.04793715646,0.0112050541145,-7.12676191e-05
288.15,0.9,0.05596276445,0.0111841817952,-4.70687528e-05
288.15,0.9,0.0653320146,0.0112241188193,-0.000171551011
288.15,0.9,0.07626985859,0.0111422240484,8.75583208e-06
288.15,0.9,0.08903890941,0.0111919509782,-3.41625058e-05
288.15,0.9,0.1039457465,0.0112356429465,-0.000167988478
288.15,0.9,0.1213482768,0.0111938803333,2.23010454e-05
288.15,0.9,0.1416643275,0.0111370031173,-0.000152002538
288.15,0.9,0.1653816783,0.0111499025487,-2.60887771e-05
288.15,0.9,0.1930697729,0.0111879199077,-0.000121621375
288.15,0.9,0.2253933905,0.0112048672026,-0.000151293179
288.15,0.9,0.2631286074,0.0112218096235,-1.31532173e-06
288.15,0.9,0.3071814301,0.011164334242,-2.11113383e-05
288.15,0.9,0.3586095482,0.0110964956183,-4.56070401e-05
288.15,0.9,0.4186477288,0.0112474401602,-2.75171403e-05
288.15,0.9,0.4887374632,0.0111824667325,-4.12793957e-05
288.15,0.9,0.5705615759,0.0111866120965,-4.78502198e-05
288.15,0.9,0.6660846291,0.0111792295361,-9.09597671e-05
288.15,0.9,0.7776000906,0.0111026233197,1.68689381e-06
288.15,0.9,0.9077853992,0.0111411331217,-2.84278135e-05
288.15,0.9,1.059766249,0.0111718061674,-4.25858803e-05
288.15,0.9,1.237191635,0.011213620174,-6.03321373e-05
288.15,0.9,1.444321465,0.0111579861957,-4.46519555e-05
288.15,0.9,1.686128838,0.0109792785714,-0.000113609308
288.15,0.9,1.968419447,0.0111384573262,-4.78654113e-05
288.15,0.9,2.297970969,0.0111702145677,-8.66810539e-05
288.15,0.9,2.682695795,0.0112212879208,3.67522503e-05
288.15,0.9,3.131831005,0.0111873534616,-8.93650472e-05
288.15,0.9,3.656160144,0.011284944236,-6.47368597e-05
288.15,0.9,4.268272131,0.0112238584802,-4.27284649e-05
288.15,0.9,4.982863515,0.0112177264337,-4.15366252e-06
288.15,0.9,5.817091329,0.0111930800776,-2.79156076e-05
288.15,0.9,6.79098503,0.0110611899567,-5.87068273e-05
288.15,0.9,7.927927389,0.0111825657017,5.25018387e-05
288.15,0.9,9.25521591,0.0111654909998,-7.59896022e-05
288.15,0.9,10.80471822,0.011098928756,-6.67942162e-05
288.15,0.9,12.61363722,0.0111560852072,5.52375688e-05
288.15,0.9,14.72540428,0.0111409243975,-0.000156904393
288.15,0.9,17.19072202,0.0110847827018,-6.86384027e-05
288.15,0.9,20.06878168,0.0110950914228,-0.000112773265
288.15,0.9,23.42868424,0.0110766781106,-0.000226754001
288.15,0.9,27.35109953,0.0110909742705,-0.000207208496
288.15,0.9,31.93020308,0.0110387556989,-0.000147248876
288.15,0.9,37.2759372,0.0110729908635,-0.000293510241
288.15,0.9,43.51665071,0.0109140229382,-0.000245754538
288.15,0.9,50.80218047,0.0109767821684,-0.000206124305
288.15,0.9,59.30744895,0.0108680768486,-0.000290232794
288.15,0.9,69.23666403,0.0108978306198,-0.000281001788
288.15,0.9,80.82822193,0.0109121927175,-0.000346528246
288.15,0.9,94.36043101,0.0108418903477,-0.000354711148
288.15,0.9,110.1581939,0.0107893819548,-0.000359753614
288.15,0.9,128.6008081,0.0107530250393,-0.0003458436
288.15,0.9,150.1310729,0.0107880832398,-0.000288496826
288.15,0.9,175.2659209,0.0106018051259,-0.000308174405
288.15,0.9,204.6088289,0.0106677389165,-0.000194474218
288.15,0.9,238.8643079,0.0105039333078,-0.000252640745
288.15,0.9,278.8548172,0.0105266567154,-0.00024831197
288.15,0.9,325.5405119,0.0105310530312,-0.000125750213
288.15,0.9,380.0422956,0.0104523320379,-0.000228791581
288.15,0.9,443.6687331,0.0104854068711,-0.000245221375
288.15,0.9,517.9474679,0.0104928768217,-0.000176013289
288.15,0.9,604.6619009,0.0103745796704,-0.000221673013
288.15,0.9,705.8940087,0.0104164672593,-0.000120289808
288.15,0.9,824.074331,0.0103856318691,-5.85721211e-05
288.15,0.9,962.0403271,0.0102899142653,-7.8167754e-05
288.15,0.9,1123.104502,0.0103670574191,-0.000113707069
288.15,0.9,1311.133937,0.0103218167424,-8.078619e-05
288.15,0.9,1530.643141,0.0104191105608,-2.78282741e-05
288.15,0.9,1786.902434,0.0102914785327,3.05289545e-05
288.15,0.9,2086.064493,0.01041169898,-2.53110097e-05
288.15,0.9,2435.312073,0.0102841472159,2.15948431e-06
288.15,0.9,2843.030459,0.0103997063367,0.000110842419
288.15,0.9,3319.008796,0.0103165407972,0.000102532276
288.15,0.9,3874.67512,0.0103017160162,0.000149820261
288.15,0.9,4523.370745,0.0103100365681,0.000203327362
288.15,0.9,5280.670575,0.0103058321701,0.000192236619
288.15,0.9,6164.757056,0.01032286663,0.000284631543
288.15,0.9,7196.85673,0.0103315086344,0.000415687162
288.15,0.9,8401.749869,0.0102171305758,0.000433738374
288.15,0.9,9808.365445,0.0101633976219,0.000524137955
288.15,0.9,11450.4757,0.0100834751792,0.000656458278
288.15,0.9,13367.507,0.0101936258463,0.000785135276
288.15,0.9,15605.48645,0.0102458834259,0.00103863994
288.15,0.9,18218.14699,0.0102200542241,0.00103553561
288.15,0.9,21268.21747,0.0102004852028,0.00127856317
288.15,0.9,24828.92881,0.01017062827,0.00160109569
288.15,0.9,28985.77215,0.0101498541058,0.00176379368
288.15,0.9,33838.55153,0.0101626497002,0.00208932189
288.15,0.9,39503.78014,0.0101924084828,0.00235304706
288.15,0.9,46117.47768,0.0100738738014,0.00289793752
288.15,0.9,53838.43622,0.0102012652579,0.00338113882
288.15,0.9,62852.03269,0.0100785004426,0.00394834339
288.15,0.9,73374.67971,0.010144934622,0.00455793424
288.15,0.9,85659.02154,0.0101135521917,0.00536354307
288.15,0.9,100000,0.0101244202784,0.00624216432
298.15,0.1,0.001,0.0117651399593,-0.00330465281
298.15,0.1,0.001167419359,0.0117555206785,-0.0028967599
298.15,0.1,0.001362867959,0.0118071336133,-0.00245707377
298.15,0.1,0.001591038439,0.0117500710424,-0.00225152053
298.15,0.1,0.001857409075,0.0119550151896,-0.00191001495
298.15,0.1,0.002168375311,0.0117741783414,-0.00182175923
298.15,0.1,0.002531403315,0.0117488939996,-0.00146273766
298.15,0.1,0.002955209235,0.0117415903956,-0.00124216034
298.15,0.1,0.003449968471,0.0116939157985,-0.00116420777
298.15,0.1,0.00402755998,0.0115917510047,-0.000896946044
298.15,0.1,0.004701851489,0.0116962773427,-0.00099751963
298.15,0.1,0.005489032451,0.0116995682332,-0.000880444161
298.15,0.1,0.006408002744,0.011558871634,-0.000847843631
298.15,0.1,0.007480826455,0.0116078760751,-0.000765664308
298.15,0.1,0.008733261624,0.0114949989876,-0.000711968114
298.15,0.1,0.01019537869,0.0115185843834,-0.000721324047
298.15,0.1,0.01190228245,0.0114965572354,-0.000646678855
298.15,0.1,0.01389495494,0.0114602694707,-0.000430700066
298.15,0.1,0.01622123939,0.0114164515865,-0.000517324198
298.15,0.1,0.01893698889,0.0113141910175,-0.000408929241
298.15,0.1,0.02210740743,0.0113703934249,-0.000491688135
298.15,0.1,0.0258086154,0.011265338353,-0.000388900264
298.15,0.1,0.03012947725,0.0112840109374,-0.000317159364
298.15,0.1,0.03517373501,0.0112807217138,-0.000324429962
298.15,0.1,0.04106249917,0.0112036136,-0.000313827285
298.15,0.1,0.04793715646,0.0111306705566,-0.000268895173
298.15,0.1,0.05596276445,0.0112209379009,-0.00023263605
298.15,0.1,0.0653320146,0.0111098675787,-0.000166212959
298.15,0.1,0.07626985859,0.0111096824774,-0.000126000502
298.15,0.1,0.08903890941,0.0110863002543,-0.000248319694
298.15,0.1,0.1039457465,0.0111841253225,-0.000273298712
298.15,0.1,0.1213482768,0.0111184812606,-0.000155956181
298.15,0.1,0.1416643275,0.0109937375334,-0.000132363731
298.15,0.1,0.1653816783,0.0111515395312,-8.15946932e-05
298.15,0.1,0.1930697729,0.0112183048646,-5.20057944e-05
298.15,0.1,0.2253933905,0.0111964236945,-0.000138336571
298.15,0.1,0.2631286074,0.0110588058003,2.01408908e-05
298.15,0.1,0.3071814301,0.0110888360692,-7.19329133e-05
298.15,0.1,0.3586095482,0.0111074277794,-0.000176879581
298.15,0.1,0.4186477288,0.0111238020219,-2.09515447e-05
298.15,0.1,0.4887374632,0.0110717019164,-5.34206678e-05
298.15,0.1,0.5705615759,0.0110049852262,-4.84748957e-05
298.15,0.1,0.6660846291,0.0111033508206,-0.000147939241
298.15,0.1,0.7776000906,0.0110919410564,-7.38886375e-05
298.15,0.1,0.9077853992,0.0109809225676,-4.57870535e-05
298.15,0.1,1.059766249,0.0110309272976,-6.08766775e-05
298.15,0.1,1.237191635,0.0110629978183,-1.31157326e-05
298.15,0.1,1.444321465,0.0110450473726,1.91651167e-05
298.15,0.1,1.686128838,0.0110713392709,3.43162448e-05
298.15,0.1,1.968419447,0.0110835749501,1.9210756e-05
298.15,0.1,2.297970969,0.011066882839,-5.82651011e-05
298.15,0.1,2.682695795,0.0110279991132,4.27697596e-05
298.15,0.1,3.131831005,0.0109572554482,-3.92029923e-05
298.15,0.1,3.656160144,0.0110628982692,-9.43326098e-06
298.15,0.1,4.268272131,0.0111033521781,-7.31743527e-05
298.15,0.1,4.982863515,0.0111319681381,-0.000140690999
298.15,0.1,5.817091329,0.0110179465658,-0.000193898118
298.15,0.1,6.79098503,0.0110141734138,-6.59155432e-05
298.15,0.1,7.927927389,0.0110916816837,-0.000120745085
298.15,0.1,9.25521591,0.0110865029132,-9.28641087e-05
298.15,0.1,10.80471822,0.0110205212939,-5.37872768e-05
298.15,0.1,12.61363722,0.0110344390124,-0.000197837507
298.15,0.1,14.72540428,0.0109456152217,-0.000223657254
298.15,0.1,17.19072202,0.0110101385701,-0.00012788903
298.15,0.1,20.06878168,0.0109214421349,-0.000138375315
298.15,0.1,23.42868424,0.0109451338022,-0.000190790383
298.15,0.1,27.35109953,0.0109299021294,-0.000223371997
298.15,0.1,31.93020308,0.0108913619871,-0.000301048617
298.15,0.1,37.2759372,0.010778583245,-0.000239484928
298.15,0.1,43.51665071,0.0108214829958,-0.000294884021
298.15,0.1,50.80218047,0.0108531185308,-0.000250329612
298.15,0.1,59.30744895,0.010796445112,-0.000239532704
298.15,0.1,69.23666403,0.0107396057293,-0.000334017238
298.15,0.1,80.82822193,0.01074191989,-0.000292060194
298.15,0.1,94.36043101,0.0107118643719,-0.000309846511
298.15,0.1,110.1581939,0.010675464028,-0.00028317852
298.15,0.1,128.6008081,0.010543295482,-0.00023496324
298.15,0.1,150.1310729,0.010544358983,-0.000271826636
298.15,0.1,175.2659209,0.0104853981787,-0.000255959539
298.15,0.1,204.6088289,0.0104199848548,-0.000234933154
298.15,0.1,238.8643079,0.0103546248988,-0.000279111349
298.15,0.1,278.8548172,0.0103982835949,-0.000236464464
298.15,0.1,325.5405119,0.0103325886503,-0.000196584349
298.15,0.1,380.0422956,0.0104674841135,-0.00012871422
298.15,0.1,443.6687331,0.010332053926,-0.000104382368
298.15,0.1,517.9474679,0.0103094581629,-3.32441459e-05
298.15,0.1,604.6619009,0.010286659112,-0.000185392868
298.15,0.1,705.8940087,0.0103915970073,-0.000111808974
298.15,0.1,824.074331,0.0102358541823,-0.000178717752
298.15,0.1,962.0403271,0.0102663016566,-9.88421538e-05
298.15,0.1,1123.104502,0.0102260907727,-0.000136161651
298.15,0.1,1311.133937,0.0102507468341,2.68850356e-05
298.15,0.1,1530.643141,0.0102471848529,2.64253444e-05
298.15,0.1,1786.902434,0.0102973770025,-4.47189591e-05
298.15,0.1,2086.064493,0.0101608308789,5.11030279e-05
298.15,0.1,2435.312073,0.0102245046261,9.8250719e-05
298.15,0.1,2843.030459,0.0103005188764,0.000179111176
298.15,0.1,3319.008796,0.0101843769977,0.000167029976
298.15,0.1,3874.67512,0.0101940450232,0.000170378809
298.15,0.1,4523.370745,0.0101508652691,0.000204140869
298.15,0.1,5280.670575,0.0100560191463,0.000292077136
298.15,0.1,6164.757056,0.0101779260994,0.0003351817
298.15,0.1,7196.85673,0.0102373313181,0.000364086826
298.15,0.1,8401.749869,0.0101482151516,0.000405705863
298.15,0.1,9808.365445,0.0100729214524,0.000612463867
298.15,0.1,11450.4757,0.0101756919423,0.000628732209
298.15,0.1,13367.507,0.0101615768123,0.000774759794
298.15,0.1,15605.48645,0.0102042035701,0.000972165796
298.15,0.1,18218.14699,0.0101955296341,0.00109537613
298.15,0.1,21268.21747,0.0101312769548,0.00134971452
298.15,0.1,24828.92881,0.010161802813,0.00146068425
298.15,0.1,28985.77215,0.0100450248744,0.00181997268
298.15,0.1,33838.55153,0.0101917022438,0.00201933237
298.15,0.1,39503.78014,0.0101402907888,0.00236754981
298.15,0.1,46117.47768,0.0101843263043,0.00280802072
298.15,0.1,53838.43622,0.0101806012099,0.00335559902
298.15,0.1,62852.03269,0.0101051852887,0.00388092525
298.15,0.1,73374.67971,0.0101094777808,0.00450400989
298.15,0.1,85659.02154,0.0100648843433,0.00542206081
298.15,0.1,100000,0.0099894227244,0.00619957333
298.15,0.3,0.001,0.0111432137794,-0.000597117549
298.15,0.3,0.001167419359,0.011155218307,-0.000503355429
298.15,0.3,0.001362867959,0.0110821101451,-0.00048201495
298.15,0.3,0.001591038439,0.0111782155298,-0.000383983781
298.15,0.3,0.001857409075,0.0111396301436,-0.000327178752
298.15,0.3,0.002168375311,0.0111544955178,-0.000332447242
298.15,0.3,0.002531403315,0.0110807141372,-0.000241712334
298.15,0.3,0.002955209235,0.0110185706399,-0.000310726851
298.15,0.3,0.003449968471,0.0111515099695,-0.000320632465
298.15,0.3,0.00402755998,0.0111318346747,-0.000239585016
298.15,0.3,0.004701851489,0.0110790959351,-0.000296592053
298.15,0.3,0.005489032451,0.0110464605305,-0.000217484574
298.15,0.3,0.006408002744,0.0110362472643,-0.000240405671
298.15,0.3,0.007480826455,0.0110231070102,-0.00025741971
298.15,0.3,0.008733261624,0.0109795157856,-0.000196188713
298.15,0.3,0.01019537869,0.0108724571668,-0.000193149686
298.15,0.3,0.01190228245,0.0110008080038,-0.000376172834
298.15,0.3,0.01389495494,0.0108515722833,-0.000222033102
298.15,0.3,0.01622123939,0.0108921493645,-0.000184922839
298.15,0.3,0.01893698889,0.0108728299317,-0.000152222865
298.15,0.3,0.02210740743,0.0108855533182,-0.000193563343
298.15,0.3,0.0258086154,0.0107682628479,-0.000211160619
298.15,0.3,0.03012947725,0.01090835392,-0.000127859359
298.15,0.3,0.03517373501,0.0108677283294,-8.40002964e-05
298.15,0.3,0.04106249917,0.0108651190885,-0.000218728219
298.15,0.3,0.04793715646,0.0108848054545,-0.000177019308
298.15,0.3,0.05596276445,0.0107671883489,-0.000117206555
298.15,0.3,0.0653320146,0.0106360156763,-0.000215422625
298.15,0.3,0.07626985859,0.0108192681779,-9.99346064e-05
298.15,0.3,0.08903890941,0.0108686528285,-1.62388721e-05
298.15,0.3,0.1039457465,0.0108575217249,-0.000111034096
298.15,0.3,0.1213482768,0.0107632694968,-4.06669211e-05
298.15,0.3,0.1416643275,0.0107849511937,-9.06715261e-05
298.15,0.3,0.1653816783,0.0108033066576,-1.57823342e-05
298.15,0.3,0.1930697729,0.0106886405189,3.80009325e-07
298.15,0.3,0.2253933905,0.0107485940319,3.89695207e-05
298.15,0.3,0.2631286074,0.0107488687628,-2.3967086e-05
298.15,0.3,0.3071814301,0.0108673192276,3.11419923e-05
298.15,0.3,0.3586095482,0.0107457315224,-1.53297188e-06
298.15,0.3,0.4186477288,0.0108645311288,-4.65061415e-05
298.15,0.3,0.4887374632,0.0107796966127,5.97840163e-05
298.15,0.3,0.5705615759,0.0106877953575,-5.01380299e-05
298.15,0.3,0.6660846291,0.0108969132961,-7.75495419e-06
298.15,0.3,0.7776000906,0.0107243501468,0.000115465962
298.15,0.3,0.9077853992,0.0108094072028,3.13787954e-05
298.15,0.3,1.059766249,0.0108674287519,-5.89938773e-05
298.15,0.3,1.237191635,0.0107460916855,1.24777321e-06
298.15,0.3,1.444321465,0.0107080363808,-4.42668622e-05
298.15,0.3,1.686128838,0.0108298216068,-2.25452325e-05
298.15,0.3,1.968419447,0.0107766945155,-9.60419937e-05
298.15,0.3,2.297970969,0.0107064795302,-4.18598479e-06
298.15,0.3,2.682695795,0.0107137546455,-0.00010018149
298.15,0.3,3.131831005,0.0107503757603,1.78442242e-06
298.15,0.3,3.656160144,0.0108226103419,4.65273281e-07
298.15,0.3,4.268272131,0.0107545122054,2.39609943e-05
298.15,0.3,4.982863515,0.0108044128669,9.59323862e-05
298.15,0.3,5.817091329,0.0108572530063,-0.000115213868
298.15,0.3,6.79098503,0.0108355782326,-9.35669531e-05
298.15,0.3,7.927927389,0.0108434237571,-8.66370989e-05
298.15,0.3,9.25521591,0.0108309313424,-6.77366881e-05
298.15,0.3,10.80471822,0.0106763788474,5.10105814e-06
298.15,0.3,12.61363722,0.0108267140907,-6.57613301e-05
298.15,0.3,14.72540428,0.0107761228499,-8.54836943e-05
298.15,0.3,17.19072202,0.0107487474366,-0.000121858494
298.15,0.3,20.06878168,0.0106934260627,-0.000103254835
298.15,0.3,23.42868424,0.0106617878214,-0.000102156008
298.15,0.3,27.35109953,0.0106818762129,-9.44325606e-05
298.15,0.3,31.93020308,0.0107334769553,-0.000176766605
298.15,0.3,37.2759372,0.0106630896801,-0.000116388412
298.15,0.3,43.51665071,0.0106719732054,-9.50902195e-05
298.15,0.3,50.80218047,0.0106701304381,-0.000120528641
298.15,0.3,59.30744895,0.0107236894711,-0.000219651914
298.15,0.3,69.23666403,0.0106545223467,-0.000123416435
298.15,0.3,80.82822193,0.0106418560043,-0.000137650366
298.15,0.3,94.36043101,0.0106966241033,-0.000176474524
298.15,0.3,110.1581939,0.0105830326321,-0.000267207095
298.15,0.3,128.6008081,0.0106034783702,-0.000287294689
298.15,0.3,150.1310729,0.0104862444214,-0.00021169276
298.15,0.3,175.2659209,0.0105287107841,-0.000268406441
298.15,0.3,204.6088289,0.0104871747458,-0.000281540057
298.15,0.3,238.8643079,0.0104604775788,-0.000158707121
298.15,0.3,278.8548172,0.0103990124838,-0.000148391037
298.15,0.3,325.5405119,0.0103438790498,-0.000150538079
298.15,0.3,380.0422956,0.0103585157148,-0.000102096972
298.15,0.3,443.6687331,0.0103289638418,-0.000107943875
298.15,0.3,517.9474679,0.0103882021848,-0.000198014694
298.15,0.3,604.6619009,0.0103655060839,-6.23876845e-05
298.15,0.3,705.8940087,0.0102425577285,-9.80970338e-05
298.15,0.3,824.074331,0.0103242530061,-6.41011494e-05
298.15,0.3,962.0403271,0.0102560976854,1.14026706e-05
298.15,0.3,1123.104502,0.0102941305719,-2.81246499e-05
298.15,0.3,1311.133937,0.0102364191476,4.88901697e-05
298.15,0.3,1530.643141,0.0101767865723,-8.6851586e-06
298.15,0.3,1786.902434,0.0102957635917,-9.31780479e-06
298.15,0.3,2086.064493,0.010258596435,-2.03933461e-06
298.15,0.3,2435.312073,0.0101646956648,5.37578792e-05
298.15,0.3,2843.030459,0.0101228213777,4.82622843e-06
298.15,0.3,3319.008796,0.0101844905102,0.000121596706
298.15,0.3,3874.67512,0.0101440250572,0.000157647964
298.15,0.3,4523.370745,0.010178677496,0.000181402029
298.15,0.3,5280.670575,0.0102221574984,0.00014651779
298.15,0.3,6164.757056,0.0102591267128,0.000210226732
298.15,0.3,7196.85673,0.0101602750193,0.000423987931
298.15,0.3,8401.749869,0.010243130308,0.00041849637
298.15,0.3,9808.365445,0.0102271648052,0.000628600351
298.15,0.3,11450.4757,0.0101409245261,0.000628631419
298.15,0.3,13367.507,0.0100735325717,0.000806524567
298.15,0.3,15605.48645,0.0101976146712,0.000857765686
298.15,0.3,18218.14699,0.0101810998818,0.00106542198
298.15,0.3,21268.21747,0.0102664074671,0.00128059645
298.15,0.3,24828.92881,0.0102155950927,0.00154740079
298.15,0.3,28985.77215,0.0101788857181,0.00186731762
298.15,0.3,33838.55153,0.0102224330167,0.00213730825
298.15,0.3,39503.78014,0.0100770175504,0.0023695377
298.15,0.3,46117.47768,0.0101384774506,0.00286271219
298.15,0.3,53838.43622,0.0101104666988,0.00334020945
298.15,0.3,62852.03269,0.0102164879247,0.00388263028
298.15,0.3,73374.67971,0.0101503655438,0.00461266412
298.15,0.3,85659.02154,0.0099411254038,0.00544384369
298.15,0.3,100000,0.0101951313362,0.00622913241
298.15,0.5,0.001,0.0110416366522,-0.000558604716
298.15,0.5,0.001167419359,0.0111313520759,-0.000466244514
298.15,0.5,0.001362867959,0.0110575488578,-0.000537898377
298.15,0.5,0.001591038439,0.0110932593485,-0.000326455196
298.15,0.5,0.001857409075,0.0111100630065,-0.000286446234
298.15,0.5,0.002168375311,0.011080198514,-0.000326881227
298.15,0.5,0.002531403315,0.0110104421202,-0.00021927848
298.15,0.5,0.002955209235,0.0111332651992,-0.000277008573
298.15,0.5,0.003449968471,0.01106898603,-0.000209835242
298.15,0.5,0.00402755998,0.0110353636489,-0.000224900556
298.15,0.5,0.004701851489,0.011062148471,-0.000299550565
298.15,0.5,0.005489032451,0.0109780659153,-0.000231471722
298.15,0.5,0.006408002744,0.01109275535,-0.000250668117
298.15,0.5,0.007480826455,0.010980403652,-0.000264569065
298.15,0.5,0.008733261624,0.0109648591463,-0.000295980672
298.15,0.5,0.01019537869,0.0109391624087,-0.000269332642
298.15,0.5,0.01190228245,0.0108453796824,-0.000285667338
298.15,0.5,0.01389495494,0.0108067531438,-0.000146103159
298.15,0.5,0.01622123939,0.010859365769,-0.000301790461
298.15,0.5,0.01893698889,0.0108458515461,-0.00017724052
298.15,0.5,0.02210740743,0.0108812735499,-0.00019960977
298.15,0.5,0.0258086154,0.0108172876616,-0.00021892497
298.15,0.5,0.03012947725,0.0107211459171,-9.75951595e-05
298.15,0.5,0.03517373501,0.010797361035,-0.000165706843
298.15,0.5,0.04106249917,0.0108046138176,-4.47538442e-05
298.15,0.5,0.04793715646,0.0108066795948,-0.000107513013
298.15,0.5,0.05596276445,0.0107645991788,-6.93182156e-05
298.15,0.5,0.0653320146,0.010675982702,-8.46882205e-05
298.15,0.5,0.07626985859,0.0107996407064,-3.43034164e-05
298.15,0.5,0.08903890941,0.0106943449717,-1.12770614e-05
298.15,0.5,0.1039457465,0.0107612339578,-7.91749595e-05
298.15,0.5,0.1213482768,0.0106433219613,-4.96350676e-05
298.15,0.5,0.1416643275,0.0107662703122,5.04073476e-05
298.15,0.5,0.1653816783,0.010681046061,-7.01175838e-05
298.15,0.5,0.1930697729,0.010779264599,6.18095625e-05
298.15,0.5,0.2253933905,0.0108141120136,-5.27453812e-05
298.15,0.5,0.2631286074,0.0107807472841,-5.83800264e-05
298.15,0.5,0.3071814301,0.0106541521264,-0.000116161618
298.15,0.5,0.3586095482,0.0106649461497,-6.87422609e-05
298.15,0.5,0.4186477288,0.0106677994211,-0.000114549621
298.15,0.5,0.4887374632,0.010748944755,-5.00048893e-05
298.15,0.5,0.5705615759,0.0107310656485,1.92334968e-05
298.15,0.5,0.6660846291,0.0107202205659,-1.97941379e-05
298.15,0.5,0.7776000906,0.0107275431433,-4.77474747e-05
298.15,0.5,0.9077853992,0.0107413146182,-6.95903695e-05
298.15,0.5,1.059766249,0.0107444854876,-5.07435299e-05
298.15,0.5,1.237191635,0.0107994459357,-9.13634592e-05
298.15,0.5,1.444321465,0.0107053691652,-8.11916782e-05
298.15,0.5,1.686128838,0.0107186796499,9.11515224e-05
298.15,0.5,1.968419447,0.0106078501709,-3.41628712e-07
298.15,0.5,2.297970969,0.0106357666917,-6.25867113e-05
298.15,0.5,2.682695795,0.0106689360136,2.18974546e-05
298.15,0.5,3.131831005,0.0106419714464,6.55247752e-05
298.15,0.5,3.656160144,0.0107166710257,-4.99151102e-05
298.15,0.5,4.268272131,0.0107599436724,-2.28073634e-05
298.15,0.5,4.982863515,0.0106802227361,-8.57866669e-05
298.15,0.5,5.817091329,0.0106768007514,-0.000105797326
298.15,0.5,6.79098503,0.0106745708851,5.1206571e-05
298.15,0.5,7.927927389,0.0107080232633,0.000158104442
298.15,0.5,9.25521591,0.0106708066635,-6.78525273e-05
298.15,0.5,10.80471822,0.0107215474537,-0.000118765789
298.15,0.5,12.61363722,0.0107133593396,4.00371093e-05
298.15,0.5,14.72540428,0.0107139368395,1.59819433e-05
298.15,0.5,17.19072202,0.0107342694746,-2.05173308e-05
298.15,0.5,20.06878168,0.0106925386968,2.66291445e-05
298.15,0.5,23.42868424,0.0106954157485,-7.71283303e-05
298.15,0.5,27.35109953,0.0107778868132,-5.20636967e-05
298.15,0.5,31.93020308,0.0106767232099,-3.33313301e-05
298.15,0.5,37.2759372,0.0107159333733,-0.000101903681
298.15,0.5,43.51665071,0.0106690679135,-7.02172947e-05
298.15,0.5,50.80218047,0.0106330150447,-0.000119637992
298.15,0.5,59.30744895,0.0106224659964,-9.46503175e-05
298.15,0.5,69.23666403,0.0105904234897,-0.000122568055
298.15,0.5,80.82822193,0.0106195377661,-0.000248565749
298.15,0.5,94.36043101,0.0105692366418,-0.000150423617
298.15,0.5,110.1581939,0.0105586812607,-0.000241629674
298.15,0.5,128.6008081,0.0106228741787,-0.000219992202
298.15,0.5,150.1310729,0.0105268287207,-0.000269473094
298.15,0.5,175.2659209,0.0105676363071,-0.000142960649
298.15,0.5,204.6088289,0.0104946701808,-0.000203878787
298.15,0.5,238.8643079,0.0104987766177,-0.000204497759
298.15,0.5,278.8548172,0.0103955077619,-0.000113725956
298.15,0.5,325.5405119,0.0104100020408,-0.000133335635
298.15,0.5,380.0422956,0.0105159383492,-0.000170623695
298.15,0.5,443.6687331,0.010400912959,-0.000254486395
298.15,0.5,517.9474679,0.0103910465152,-9.84012508e-05
298.15,0.5,604.6619009,0.0103344523214,-0.000130946619
298.15,0.5,705.8940087,0.0103517862886,-0.000120097036
298.15,0.5,824.074331,0.0102346184935,-4.6942322e-05
298.15,0.5,962.0403271,0.0102389199945,-0.000100079536
298.15,0.5,1123.104502,0.010294030592,-5.40940586e-05
298.15,0.5,1311.133937,0.0103042540174,1.4426551e-05
298.15,0.5,1530.643141,0.0102319303478,1.81265723e-05
298.15,0.5,1786.902434,0.0102345644688,-2.10234683e-05
298.15,0.5,2086.064493,0.0102171769834,0.000108614101
298.15,0.5,2435.312073,0.0102178401761,0.000119521167
298.15,0.5,2843.030459,0.0101580549681,0.000187311098
298.15,0.5,3319.008796,0.0101384162834,0.000122059077
298.15,0.5,3874.67512,0.0101998748167,0.00017481838
298.15,0.5,4523.370745,0.0101082513323,0.000262365536
298.15,0.5,5280.670575,0.0101402285378,0.000282663303
298.15,0.5,6164.757056,0.0101501421762,0.000326715914
298.15,0.5,7196.85673,0.0101242561122,0.000382987688
298.15,0.5,8401.749869,0.01018449078,0.000451921247
298.15,0.5,9808.365445,0.0101444643375,0.000525744513
298.15,0.5,11450.4757,0.0101581551237,0.000632255096
298.15,0.5,13367.507,0.0101061486174,0.000809012787
298.15,0.5,15605.48645,0.0101153489824,0.00091596706
298.15,0.5,18218.14699,0.0101751165845,0.0010260466
298.15,0.5,21268.21747,0.0101635090226,0.00129467617
298.15,0.5,24828.92881,0.0101172319007,0.00160273426
298.15,0.5,28985.77215,0.0101560847891,0.00185084282
298.15,0.5,33838.55153,0.0101434502454,0.00198367418
298.15,0.5,39503.78014,0.0101385217687,0.00240119674
298.15,0.5,46117.47768,0.0102106977312,0.00290338762
298.15,0.5,53838.43622,0.0101020675387,0.00335355349
298.15,0.5,62852.03269,0.0101429923535,0.00392116538
298.15,0.5,73374.67971,0.0101405803975,0.00457297302
298.15,0.5,85659.02154,0.0101008838443,0.00535707026
298.15,0.5,100000,0.0100422882927,0.00619604527
298.15,0.7,0.001,0.011156660303,-0.000806695062
298.15,0.7,0.001167419359,0.0111286442467,-0.000818981472
298.15,0.7,0.001362867959,0.0111122891908,-0.000674673106
298.15,0.7,0.001591038439,0.0111057624456,-0.000502361063
298.15,0.7,0.001857409075,0.0110999668532,-0.000461236592
298.15,0.7,0.002168375311,0.0110426934262,-0.00046711546
298.15,0.7,0.002531403315,0.0111011010601,-0.000422378775
298.15,0.7,0.002955209235,0.0109762554422,-0.000418949705
298.15,0.7,0.003449968471,0.0110643902257,-0.000385011894
298.15,0.7,0.00402755998,0.0109706856807,-0.000348308733
298.15,0.7,0.004701851489,0.0110191435041,-0.00024456409
298.15,0.7,0.005489032451,0.0110604351547,-0.00032901963
298.15,0.7,0.006408002744,0.0109862782396,-0.000263650165
298.15,0.7,0.007480826455,0.010951075046,-0.000261830701
298.15,0.7,0.008733261624,0.0109802448681,-0.000253847964
298.15,0.7,0.01019537869,0.0109107072819,-0.000280845151
298.15,0.7,0.01190228245,0.0108761620554,-0.000213558523
298.15,0.7,0.01389495494,0.0108507015406,-0.000230795766
298.15,0.7,0.01622123939,0.0109294657846,-0.000218569637
298.15,0.7,0.01893698889,0.0108610492277,-0.000232583292
298.15,0.7,0.02210740743,0.010831392404,-0.000305500561
298.15,0.7,0.0258086154,0.0107242464521,-0.000133210503
298.15,0.7,0.03012947725,0.0108074972498,-0.000115120716
298.15,0.7,0.03517373501,0.0106925115272,-0.000166915688
298.15,0.7,0.04106249917,0.0107778549528,-0.000134858105
298.15,0.7,0.04793715646,0.0106837215389,-9.67281355e-05
298.15,0.7,0.05596276445,0.0108414655382,-0.000152085098
298.15,0.7,0.0653320146,0.0106402573966,-5.15334648e-05
298.15,0.7,0.07626985859,0.0107910210489,-4.17496394e-05
298.15,0.7,0.08903890941,0.0107639715872,-2.57975469e-05
298.15,0.7,0.1039457465,0.0106219569682,-1.45479886e-05
298.15,0.7,0.1213482768,0.01070076779,-0.000158243956
298.15,0.7,0.1416643275,0.0107879736773,-2.31714661e-05
298.15,0.7,0.1653816783,0.0107687199205,-6.91140901e-05
298.15,0.7,0.1930697729,0.0106166558953,1.82245088e-05
298.15,0.7,0.2253933905,0.01067543002,1.95564274e-05
298.15,0.7,0.2631286074,0.0106384919951,1.03577609e-05
298.15,0.7,0.3071814301,0.0106447028431,-3.42144774e-05
298.15,0.7,0.3586095482,0.0106635747704,0.000121987744
298.15,0.7,0.4186477288,0.0107949693865,-2.71539764e-05
298.15,0.7,0.4887374632,0.0107022704985,-7.75764071e-05
298.15,0.7,0.5705615759,0.0106818449125,3.14623763e-05
298.15,0.7,0.6660846291,0.0106749086474,-9.53857144e-05
298.15,0.7,0.7776000906,0.010727397945,8.5145088e-05
298.15,0.7,0.9077853992,0.0107277752544,3.81993834e-05
298.15,0.7,1.059766249,0.01064080158,5.57409073e-05
298.15,0.7,1.237191635,0.0107675506359,4.16242702e-05
298.15,0.7,1.444321465,0.0106304474291,8.1316944e-06
298.15,0.7,1.686128838,0.0106727708665,-8.2879439e-05
298.15,0.7,1.968419447,0.0107109454025,-4.44933072e-05
298.15,0.7,2.297970969,0.0107775986903,1.72381286e-05
298.15,0.7,2.682695795,0.0106670000662,-2.36176647e-05
298.15,0.7,3.131831005,0.0107001077034,6.30947125e-06
298.15,0.7,3.656160144,0.0107537515019,-5.02765478e-05
298.15,0.7,4.268272131,0.0107167713803,-5.67328886e-05
298.15,0.7,4.982863515,0.0107429749492,-4.56464584e-07
298.15,0.7,5.817091329,0.0107374650838,2.14538569e-05
298.15,0.7,6.79098503,0.010695064658,-1.94450389e-05
298.15,0.7,7.927927389,0.0107139760661,-7.36690742e-05
298.15,0.7,9.25521591,0.0107282286862,-0.000112729855
298.15,0.7,10.80471822,0.0106766347995,7.93414719e-05
298.15,0.7,12.61363722,0.0107621205521,-9.18737597e-05
298.15,0.7,14.72540428,0.0105691614783,-8.19147384e-05
298.15,0.7,17.19072202,0.0106241675427,-7.91808351e-05
298.15,0.7,20.06878168,0.0107480921124,1.09501302e-06
298.15,0.7,23.42868424,0.0106910545842,-9.26383451e-05
298.15,0.7,27.35109953,0.0106305384987,-3.08202285e-05
298.15,0.7,31.93020308,0.0106808903287,-5.2180921e-05
298.15,0.7,37.2759372,0.0107135264309,-0.000137105614
298.15,0.7,43.51665071,0.0106195501289,-7.81777056e-05
298.15,0.7,50.80218047,0.0106824674732,-0.000161716346
298.15,0.7,59.30744895,0.0106256802002,-0.000117034948
298.15,0.7,69.23666403,0.0106147542578,-8.13952346e-05
298.15,0.7,80.82822193,0.0106034804363,-0.000144792529
298.15,0.7,94.36043101,0.0106499818857,-0.000191928401
298.15,0.7,110.1581939,0.0105133284864,-0.000176999631
298.15,0.7,128.6008081,0.0105321225817,-0.00017438432
298.15,0.7,150.1310729,0.0105631911989,-0.00015474705
298.15,0.7,175.2659209,0.0104393111273,-0.000296680037
298.15,0.7,204.6088289,0.0103944579552,-0.000275061616
298.15,0.7,238.8643079,0.0104806547066,-0.000152692278
298.15,0.7,278.8548172,0.0104250313806,-0.000179727861
298.15,0.7,325.5405119,0.0103924654031,-0.000165680437
298.15,0.7,380.0422956,0.0103843542031,-0.000145290286
298.15,0.7,443.6687331,0.0103054789007,-0.000152529224
298.15,0.7,517.9474679,0.010487450104,-0.000153720321
298.15,0.7,604.6619009,0.0102692012728,-0.000110172432
298.15,0.7,705.8940087,0.0102826425259,-6.61329571e-05
298.15,0.7,824.074331,0.0102186763583,-6.65334117e-05
298.15,0.7,962.0403271,0.0102586431177,-6.59345643e-05
298.15,0.7,1123.104502,0.0103477019201,-0.000102284695
298.15,0.7,1311.133937,0.0102604226389,-1.87719829e-05
298.15,0.7,1530.643141,0.0102807112262,-6.95767637e-05
298.15,0.7,1786.902434,0.0102166686122,-2.34392894e-05
298.15,0.7,2086.064493,0.0103257494791,4.19141079e-05
298.15,0.7,2435.312073,0.0102330985116,6.67602118e-05
298.15,0.7,2843.030459,0.0101528988667,0.000145995356
298.15,0.7,3319.008796,0.0102482085914,0.00016929479
298.15,0.7,3874.67512,0.0101825193742,0.000188399293
298.15,0.7,4523.370745,0.0102251812054,0.000192213337
298.15,0.7,5280.670575,0.0101945839115,0.000259402607
298.15,0.7,6164.757056,0.0101946188884,0.000307209328
298.15,0.7,7196.85673,0.0101822882042,0.000475258965
298.15,0.7,8401.749869,0.0101237538219,0.000490240598
298.15,0.7,9808.365445,0.0100882374527,0.00052597689
298.15,0.7,11450.4757,0.0102095571447,0.000622322489
298.15,0.7,13367.507,0.0101483566569,0.000850574923
298.15,0.7,15605.48645,0.0101654414296,0.000887455161
298.15,0.7,18218.14699,0.0101230314942,0.00111639749
298.15,0.7,21268.21747,0.0100392664074,0.0013007731
298.15,0.7,24828.92881,0.0100734406818,0.0015715599
298.15,0.7,28985.77215,0.0102070436278,0.00173617202
298.15,0.7,33838.55153,0.0100910147318,0.00211106774
298.15,0.7,39503.78014,0.0101082004229,0.00245555718
298.15,0.7,46117.47768,0.0100475080278,0.00290385376
298.15,0.7,53838.43622,0.0100932568385,0.00342080992
298.15,0.7,62852.03269,0.0100979619536,0.00392274112
298.15,0.7,73374.67971,0.0101027937188,0.0045678067
298.15,0.7,85659.02154,0.010107951306,0.00540324235
298.15,0.7,100000,0.0100718396744,0.0061736678
298.15,0.9,0.001,0.0111703683641,-0.00123392861
298.15,0.9,0.001167419359,0.0111981965085,-0.00113544026
298.15,0.9,0.001362867959,0.0112127686736,-0.0010095636
298.15,0.9,0.001591038439,0.0111816146209,-0.000913540936
298.15,0.9,0.001857409075,0.0112813511911,-0.000819858478
298.15,0.9,0.002168375311,0.0111881798771,-0.00060098522
298.15,0.9,0.002531403315,0.0111773819595,-0.000531397047
298.15,0.9,0.002955209235,0.0111217776234,-0.000518873438
298.15,0.9,0.003449968471,0.0112038014548,-0.000423033095
298.15,0.9,0.00402755998,0.0110750998354,-0.000442770585
298.15,0.9,0.004701851489,0.0110249653437,-0.000443239847
298.15,0.9,0.005489032451,0.01104059901,-0.000452449071
298.15,0.9,0.006408002744,0.0111056816526,-0.000332208045
298.15,0.9,0.007480826455,0.0109818731801,-0.000313023129
298.15,0.9,0.008733261624,0.0110879420704,-0.00027274387
298.15,0.9,0.01019537869,0.0109855161582,-0.000368394357
298.15,0.9,0.01190228245,0.010873579118,-0.000322701495
298.15,0.9,0.01389495494,0.0109150283586,-0.000361275215
298.15,0.9,0.01622123939,0.0109975459845,-0.000206578988
298.15,0.9,0.01893698889,0.0108287562053,-0.000209274758
298.15,0.9,0.02210740743,0.0107825740475,-0.000198810113
298.15,0.9,0.0258086154,0.0108625249973,-0.00020658389
298.15,0.9,0.03012947725,0.0108892546527,-0.000193927274
298.15,0.9,0.03517373501,0.0108597525084,-0.000187091355
298.15,0.9,0.04106249917,0.010775451591,-9.24826905e-05
298.15,0.9,0.04793715646,0.010793432318,-0.00016891367
298.15,0.9,0.05596276445,0.0107923908597,-7.40045343e-05
298.15,0.9,0.0653320146,0.0108308294084,-9.35734487e-05
298.15,0.9,0.07626985859,0.0108769145036,-0.000151157645
298.15,0.9,0.08903890941,0.0107498848009,-0.000164641718
298.15,0.9,0.1039457465,0.0108206055783,-0.00012045604
298.15,0.9,0.1213482768,0.0107278361152,-7.30316694e-05
298.15,0.9,0.1416643275,0.0107740161637,-0.000132551156
298.15,0.9,0.1653816783,0.010688682044,-2.44334017e-05
298.15,0.9,0.1930697729,0.0106945698106,8.26272713e-06
298.15,0.9,0.2253933905,0.0107549815007,-1.82498647e-05
298.15,0.9,0.2631286074,0.0106819310151,-0.000132345566
298.15,0.9,0.3071814301,0.0107752642767,-0.000163249173
298.15,0.9,0.3586095482,0.0106959493406,1.09023103e-05
298.15,0.9,0.4186477288,0.0107276541711,4.69280468e-05
298.15,0.9,0.4887374632,0.0107171965047,-5.04978649e-05
298.15,0.9,0.5705615759,0.0107021254637,7.42357156e-07
298.15,0.9,0.6660846291,0.0107254804398,-3.91748421e-05
298.15,0.9,0.7776000906,0.0107748860244,-5.68970623e-05
298.15,0.9,0.9077853992,0.0108821440796,3.11083612e-05
298.15,0.9,1.059766249,0.0106508734645,-4.94681793e-05
298.15,0.9,1.237191635,0.0107294081047,2.5850639e-05
298.15,0.9,1.444321465,0.0107028351588,7.28307868e-05
298.15,0.9,1.686128838,0.0106622846398,-2.43636188e-05
298.15,0.9,1.968419447,0.0107255747481,8.17351218e-05
298.15,0.9,2.297970969,0.0106622289499,-8.70850316e-05
298.15,0.9,2.682695795,0.0107041993741,3.11070657e-05
298.15,0.9,3.131831005,0.0107738884738,-1.75064352e-05
298.15,0.9,3.656160144,0.0105983800619,0.000117509196
298.15,0.9,4.268272131,0.0107189743078,-1.73632351e-05
298.15,0.9,4.982863515,0.0107287182079,-6.3016063e-05
298.15,0.9,5.817091329,0.0106525889869,6.38536968e-05
298.15,0.9,6.79098503,0.0107308761512,-0.000105682644
298.15,0.9,7.927927389,0.0107205498664,-3.25412247e-06
298.15,0.9,9.25521591,0.0106818395025,-7.01347952e-05
298.15,0.9,10.80471822,0.0107640060321,4.04317008e-05
298.15,0.9,12.61363722,0.0106276172321,-4.23365125e-05
298.15,0.9,14.72540428,0.0107301380716,4.20124722e-06
298.15,0.9,17.19072202,0.0106810658853,-4.86702854e-05
298.15,0.9,20.06878168,0.0106344641159,-0.000111173312
298.15,0.9,23.42868424,0.0106783104254,-0.000173847264
298.15,0.9,27.35109953,0.0106652979712,2.77200785e-05
298.15,0.9,31.93020308,0.0107229999967,-6.34490435e-05
298.15,0.9,37.2759372,0.0105936637934,-0.000146605953
298.15,0.9,43.51665071,0.0106560224212,-0.000112598314
298.15,0.9,50.80218047,0.0106334451786,-5.50185488e-05
298.15,0.9,59.30744895,0.0107309484266,-0.000198432203
298.15,0.9,69.23666403,0.0105749624634,-1.20287597e-05
298.15,0.9,80.82822193,0.0106754838039,-0.000157894706
298.15,0.9,94.36043101,0.0105082635984,-0.000176342031
298.15,0.9,110.1581939,0.0105990678222,-0.000100511867
298.15,0.9,128.6008081,0.0105505493047,-0.00016668208
298.15,0.9,150.1310729,0.0105522934064,-0.000237410191
298.15,0.9,175.2659209,0.0104684495529,-0.000141110846
298.15,0.9,204.6088289,0.0103752492911,-0.000166419508
298.15,0.9,238.8643079,0.0103688141449,-0.000128661344
298.15,0.9,278.8548172,0.01049090822,-0.000229113457
298.15,0.9,325.5405119,0.0104079813243,-0.000230577227
298.15,0.9,380.0422956,0.0103285028457,-0.000128392942
298.15,0.9,443.6687331,0.0103987165776,-0.000169788635
298.15,0.9,517.9474679,0.0102947395263,-0.000243530861
298.15,0.9,604.6619009,0.0102785055776,-0.000147037037
298.15,0.9,705.8940087,0.0102395208922,-6.84052253e-05
298.15,0.9,824.074331,0.0103497269938,-0.000121061942
298.15,0.9,962.0403271,0.0103784991439,-1.0749402e-06
298.15,0.9,1123.104502,0.0102176595117,-7.45261448e-05
298.15,0.9,1311.133937,0.0102723737538,-3.50094803e-05
298.15,0.9,1530.643141,0.0102985991239,-9.31466137e-05
298.15,0.9,1786.902434,0.010348180903,-2.94778763e-05
298.15,0.9,2086.064493,0.0101087196788,2.54649025e-05
298.15,0.9,2435.312073,0.0102304849029,9.09326792e-05
298.15,0.9,2843.030459,0.0102482451418,0.000100843313
298.15,0.9,3319.008796,0.0101319190221,0.000179370649
298.15,0.9,3874.67512,0.0102207730074,5.34658361e-05
298.15,0.9,4523.370745,0.0102028501588,0.000210182103
298.15,0.9,5280.670575,0.0102228978069,0.000253033771
298.15,0.9,6164.757056,0.0101500317328,0.000266680748
298.15,0.9,7196.85673,0.0101950975334,0.000386101352
298.15,0.9,8401.749869,0.0101375105807,0.000429496204
298.15,0.9,9808.365445,0.0101940287996,0.000580688538
298.15,0.9,11450.4757,0.0101663662712,0.00064748598
298.15,0.9,13367.507,0.0101344906482,0.000814007828
298.15,0.9,15605.48645,0.0100771278314,0.0008851627
298.15,0.9,18218.14699,0.0102292403521,0.00116270949
298.15,0.9,21268.21747,0.0101978455511,0.00131221344
298.15,0.9,24828.92881,0.0101824237294,0.00160901676
298.15,0.9,28985.77215,0.0100994204317,0.00177389006
298.15,0.9,33838.55153,0.0101119003692,0.00206158639
298.15,0.9,39503.78014,0.0102135572119,0.00245225655
298.15,0.9,46117.47768,0.0101622747063,0.00283785417
298.15,0.9,53838.43622,0.0100743538405,0.00329378
298.15,0.9,62852.03269,0.0101190777057,0.00391801799
298.15,0.9,73374.67971,0.0101213350877,0.00457639541
298.15,0.9,85659.02154,0.0100991072136,0.00531635434
298.15,0.9,100000,0.0100516323747,0.00623344778
308.15,0.1,0.001,0.0112516439591,-0.00340722068
308.15,0.1,0.001167419359,0.0112113438465,-0.00287088688
308.15,0.1,0.001362867959,0.0111645854244,-0.00255399057
308.15,0.1,0.001591038439,0.011084470738,-0.00203749176
308.15,0.1,0.001857409075,0.011138500587,-0.00184024386
308.15,0.1,0.002168375311,0.0111682021071,-0.00154043283
308.15,0.1,0.002531403315,0.0112133788256,-0.00145086202
308.15,0.1,0.002955209235,0.0111388617521,-0.00118574799
308.15,0.1,0.003449968471,0.0112155931911,-0.00106250161
308.15,0.1,0.00402755998,0.0111536753935,-0.000874062667
308.15,0.1,0.004701851489,0.0110947495395,-0.000775091698
308.15,0.1,0.005489032451,0.0109689090932,-0.000827812017
308.15,0.1,0.006408002744,0.0110450613772,-0.000599646264
308.15,0.1,0.007480826455,0.0110105975459,-0.000686534538
308.15,0.1,0.008733261624,0.0110650823979,-0.000478638853
308.15,0.1,0.01019537869,0.0110690658015,-0.000513346075
308.15,0.1,0.01190228245,0.0111020243526,-0.000539510505
308.15,0.1,0.01389495494,0.0109972663387,-0.000401152323
308.15,0.1,0.01622123939,0.0109058924913,-0.000407152947
308.15,0.1,0.01893698889,0.0110696611296,-0.000434306931
308.15,0.1,0.02210740743,0.010929962811,-0.000391884065
308.15,0.1,0.0258086154,0.0108722612774,-0.000297624797
308.15,0.1,0.03012947725,0.01084812384,-0.000371566837
308.15,0.1,0.03517373501,0.0107671980316,-0.000318082681
308.15,0.1,0.04106249917,0.0108555345344,-0.000146389104
308.15,0.1,0.04793715646,0.0108241744751,-0.000265992493
308.15,0.1,0.05596276445,0.0108746635392,-0.000183468864
308.15,0.1,0.0653320146,0.0108350776244,-0.000160275361
308.15,0.1,0.07626985859,0.0108107399926,-0.000115244129
308.15,0.1,0.08903890941,0.0108212997109,-0.000104033985
308.15,0.1,0.1039457465,0.0107290797338,-0.00027354036
308.15,0.1,0.1213482768,0.0107122240725,-0.000150876514
308.15,0.1,0.1416643275,0.0107258938465,-4.95869122e-05
308.15,0.1,0.1653816783,0.0106549377546,-0.000145702695
308.15,0.1,0.1930697729,0.010707913259,4.11198515e-06
308.15,0.1,0.2253933905,0.0106922934611,-7.22930564e-05
308.15,0.1,0.2631286074,0.0107406059733,-0.000143896808
308.15,0.1,0.3071814301,0.010699292792,-4.11876877e-05
308.15,0.1,0.3586095482,0.010593651205,3.89231208e-05
308.15,0.1,0.4186477288,0.0106933953983,-9.62972049e-05
308.15,0.1,0.4887374632,0.0107638099057,-2.54794291e-05
308.15,0.1,0.5705615759,0.010586641667,-9.86843516e-05
308.15,0.1,0.6660846291,0.0106410389979,-7.88372658e-05
308.15,0.1,0.7776000906,0.0106796277664,-3.79513913e-05
308.15,0.1,0.9077853992,0.0106052243126,-1.36145479e-05
308.15,0.1,1.059766249,0.0106442294433,-1.97089207e-05
308.15,0.1,1.237191635,0.0106742182352,-2.51484586e-05
308.15,0.1,1.444321465,0.0105986570544,9.45112028e-05
308.15,0.1,1.686128838,0.010682721074,-9.13527672e-05
308.15,0.1,1.968419447,0.0106869329766,-0.000131955536
308.15,0.1,2.297970969,0.0105956387849,-1.3026344e-06
308.15,0.1,2.682695795,0.0106629709682,-2.08555559e-05
308.15,0.1,3.131831005,0.0107174200919,-0.000107895186
308.15,0.1,3.656160144,0.0106488387915,6.13331658e-05
308.15,0.1,4.268272131,0.0106798118429,-6.94720094e-05
308.15,0.1,4.982863515,0.0106892443948,-0.000108583806
308.15,0.1,5.817091329,0.0106408002078,-1.19152189e-05
308.15,0.1,6.79098503,0.0107039447622,-2.15375156e-06
308.15,0.1,7.927927389,0.0106702808628,8.71971474e-05
308.15,0.1,9.25521591,0.0105950390045,-0.000124589417
308.15,0.1,10.80471822,0.0106734605969,-0.000114389216
308.15,0.1,12.61363722,0.0106892549184,-6.52342144e-05
308.15,0.1,14.72540428,0.0106832544926,-7.92282308e-05
308.15,0.1,17.19072202,0.0106029090702,-6.57338765e-05
308.15,0.1,20.06878168,0.0106577592775,-0.000106682265
308.15,0.1,23.42868424,0.0107016744482,-0.000159976303
308.15,0.1,27.35109953,0.0106354369291,-0.000109244623
308.15,0.1,31.93020308,0.0106793801555,-5.70799947e-05
308.15,0.1,37.2759372,0.0106774078163,-6.33877946e-05
308.15,0.1,43.51665071,0.0105967065066,-0.000152095706
308.15,0.1,50.80218047,0.0106218966019,-0.00010024931
308.15,0.1,59.30744895,0.0105576273457,-0.000119183072
308.15,0.1,69.23666403,0.0106130294841,-0.000179650661
308.15,0.1,80.82822193,0.010532953581,-0.000183580172
308.15,0.1,94.36043101,0.0104873921486,-0.000172850779
308.15,0.1,110.1581939,0.0104912139192,-3.58325013e-05
308.15,0.1,128.6008081,0.0104630456452,-0.000181364156
308.15,0.1,150.1310729,0.0104596760024,-0.000240256681
308.15,0.1,175.2659209,0.0104361054245,-0.000202018175
308.15,0.1,204.6088289,0.0103235435931,-0.000219736775
308.15,0.1,238.8643079,0.0103232049366,-0.000124696521
308.15,0.1,278.8548172,0.0103498660457,-0.000287686207
308.15,0.1,325.5405119,0.0103323107033,-0.000220174994
308.15,0.1,380.0422956,0.0102904328457,-0.000106305942
308.15,0.1,443.6687331,0.0104021913218,-0.000112370441
308.15,0.1,517.9474679,0.0103076990084,-0.000116131014
308.15,0.1,604.6619009,0.0102321104394,-6.32268537e-05
308.15,0.1,705.8940087,0.0102609831188,-0.000151349914
308.15,0.1,824.074331,0.0102815864694,-4.59269921e-05
308.15,0.1,962.0403271,0.0102229056687,-0.000105118677
308.15,0.1,1123.104502,0.0101074718055,-9.35738349e-05
308.15,0.1,1311.133937,0.0101945909445,1.78224753e-05
308.15,0.1,1530.643141,0.010186102334,-2.82335457e-05
308.15,0.1,1786.902434,0.0102864711568,1.65013849e-05
308.15,0.1,2086.064493,0.0100792300058,9.10325387e-05
308.15,0.1,2435.312073,0.0102463511984,3.16551805e-05
308.15,0.1,2843.030459,0.0101549702854,0.000146188618
308.15,0.1,3319.008796,0.0102054642873,0.000263592129
308.15,0.1,3874.67512,0.0101386284635,0.000176125681
308.15,0.1,4523.370745,0.0101577179849,0.000279282771
308.15,0.1,5280.670575,0.0102016715656,0.000319994913
308.15,0.1,6164.757056,0.0101440995554,0.000273733037
308.15,0.1,7196.85673,0.0101890518051,0.000336126321
308.15,0.1,8401.749869,0.0101274830211,0.000484724958
308.15,0.1,9808.365445,0.0101070644463,0.000466044094
308.15,0.1,11450.4757,0.0101132822976,0.000683259062
308.15,0.1,13367.507,0.0100956324123,0.000817029674
308.15,0.1,15605.48645,0.0101120615607,0.000970568985
308.15,0.1,18218.14699,0.0101846669085,0.00113573933
308.15,0.1,21268.21747,0.0100530660509,0.00137481184
308.15,0.1,24828.92881,0.0100253287369,0.00151425615
308.15,0.1,28985.77215,0.0101069060025,0.00186428938
308.15,0.1,33838.55153,0.0101925338853,0.0021282155
308.15,0.1,39503.78014,0.0101578493767,0.00248552972
308.15,0.1,46117.47768,0.0101707854765,0.00286627606
308.15,0.1,53838.43622,0.0101658322201,0.00341224308
308.15,0.1,62852.03269,0.0100577882676,0.00388693857
308.15,0.1,73374.67971,0.0101019119806,0.00463110255
308.15,0.1,85659.02154,0.00994141903829,0.00542787526
308.15,0.1,100000,0.0100554858786,0.00622523205
308.15,0.3,0.001,0.0107854082785,-0.000623555596
308.15,0.3,0.001167419359,0.0106666684073,-0.000536767998
308.15,0.3,0.001362867959,0.0106372830495,-0.000432901045
308.15,0.3,0.001591038439,0.0106759142587,-0.000355889571
308.15,0.3,0.001857409075,0.0107551278323,-0.000281439798
308.15,0.3,0.002168375311,0.010803672227,-0.000186892943
308.15,0.3,0.002531403315,0.0108773283197,-0.000169120047
308.15,0.3,0.002955209235,0.0108124414306,-0.000215639621
308.15,0.3,0.003449968471,0.0106511029948,-0.000229862655
308.15,0.3,0.00402755998,0.0106041995206,-0.000257063072
308.15,0.3,0.004701851489,0.0107321457412,-0.000133599923
308.15,0.3,0.005489032451,0.0107752548921,-0.000140417314
308.15,0.3,0.006408002744,0.0106248765633,-0.000176685244
308.15,0.3,0.007480826455,0.0106751069012,-0.000165747301
308.15,0.3,0.008733261624,0.0106688627712,-0.000160030392
308.15,0.3,0.01019537869,0.0106828356658,-0.000290842853
308.15,0.3,0.01190228245,0.0106578757164,-0.000152528538
308.15,0.3,0.01389495494,0.0106800313252,-0.000129433953
308.15,0.3,0.01622123939,0.0106929181463,-0.000150201652
308.15,0.3,0.01893698889,0.010624298762,-0.00019582824
308.15,0.3,0.02210740743,0.010644402234,-0.000129822356
308.15,0.3,0.0258086154,0.0106951937742,-9.88729427e-05
308.15,0.3,0.03012947725,0.0105220790184,-1.94108047e-05
308.15,0.3,0.03517373501,0.0105088627771,-4.97044011e-05
308.15,0.3,0.04106249917,0.010580871733,-6.50388294e-05
308.15,0.3,0.04793715646,0.0106431162611,-9.00190036e-05
308.15,0.3,0.05596276445,0.0105472180086,-0.000149606962
308.15,0.3,0.0653320146,0.0105901787688,-9.48648596e-05
308.15,0.3,0.07626985859,0.0105116765472,-0.000135021489
308.15,0.3,0.08903890941,0.010572180368,-6.07253474e-05
308.15,0.3,0.1039457465,0.0104878160361,7.70515477e-06
308.15,0.3,0.1213482768,0.0105535391447,1.22465253e-05
308.15,0.3,0.1416643275,0.0105365786729,9.53662182e-06
308.15,0.3,0.1653816783,0.0105345917802,-3.32156594e-05
308.15,0.3,0.1930697729,0.0105845240172,2.2237948e-05
308.15,0.3,0.2253933905,0.0105668518254,-4.1613812e-05
308.15,0.3,0.2631286074,0.0104780572211,-0.00012833273
308.15,0.3,0.3071814301,0.0105549242548,-1.42304646e-05
308.15,0.3,0.3586095482,0.0104182531656,-1.72159961e-05
308.15,0.3,0.4186477288,0.0105585974061,-0.000109883619
308.15,0.3,0.4887374632,0.0106503158834,-4.36409859e-05
308.15,0.3,0.5705615759,0.0105331675367,-0.00014399574
308.15,0.3,0.6660846291,0.0105314197144,-3.79428607e-05
308.15,0.3,0.7776000906,0.0105075952198,5.28732977e-05
308.15,0.3,0.9077853992,0.0105475160536,-4.48562262e-05
308.15,0.3,1.059766249,0.0104797774423,6.01070616e-05
308.15,0.3,1.237191635,0.0105383403439,3.00401505e-06
308.15,0.3,1.444321465,0.0104885439342,-4.80002378e-05
308.15,0.3,1.686128838,0.0104802332587,-0.000102674935
308.15,0.3,1.968419447,0.0105087284494,3.18443987e-05
308.15,0.3,2.297970969,0.0104987800442,2.74007688e-05
308.15,0.3,2.682695795,0.010410551453,-8.70554171e-05
308.15,0.3,3.131831005,0.0106103080376,-3.06979008e-05
308.15,0.3,3.656160144,0.010508379879,5.02314605e-05
308.15,0.3,4.268272131,0.0104117237536,-4.88030519e-05
308.15,0.3,4.982863515,0.0105568858268,1.1205053e-05
308.15,0.3,5.817091329,0.0104984567141,-0.000114317091
308.15,0.3,6.79098503,0.0105102486411,-6.07462032e-05
308.15,0.3,7.927927389,0.0105361349985,2.55779204e-05
308.15,0.3,9.25521591,0.0104515391343,-7.74049072e-05
308.15,0.3,10.80471822,0.0103434551357,-9.29312026e-05
308.15,0.3,12.61363722,0.0104919167183,-9.24091071e-05
308.15,0.3,14.72540428,0.0105090076729,-4.09685307e-05
308.15,0.3,17.19072202,0.0105478880443,-0.00010745593
308.15,0.3,20.06878168,0.0104543998439,-3.29447364e-05
308.15,0.3,23.42868424,0.0104786364799,-1.02796607e-06
308.15,0.3,27.35109953,0.0105117631906,4.64639121e-05
308.15,0.3,31.93020308,0.010472052964,-6.09250038e-05
308.15,0.3,37.2759372,0.0104728544158,4.06491699e-05
308.15,0.3,43.51665071,0.0104959383357,-2.12340085e-05
308.15,0.3,50.80218047,0.0104263183726,-6.93296148e-05
308.15,0.3,59.30744895,0.0105563124359,-3.71941353e-05
308.15,0.3,69.23666403,0.0104189702232,8.07895776e-06
308.15,0.3,80.82822193,0.0104615767903,-1.27461861e-06
308.15,0.3,94.36043101,0.0104334451653,-4.8735044e-05
308.15,0.3,110.1581939,0.0104030095979,-0.000101730316
308.15,0.3,128.6008081,0.0104553484679,-6.06581597e-05
308.15,0.3,150.1310729,0.0104658101777,-0.000100112568
308.15,0.3,175.2659209,0.010472887661,-0.000108278894
308.15,0.3,204.6088289,0.0104100348606,-0.00010742497
308.15,0.3,238.8643079,0.0103381465723,-2.77427878e-05
308.15,0.3,278.8548172,0.010386833241,-0.000185154679
308.15,0.3,325.5405119,0.0102485061909,-0.000123409068
308.15,0.3,380.0422956,0.0103067341207,-0.000170854735
308.15,0.3,443.6687331,0.0103131260826,-6.09734204e-05
308.15,0.3,517.9474679,0.0102985211861,-3.82099677e-05
308.15,0.3,604.6619009,0.0101952992039,-1.38804748e-05
308.15,0.3,705.8940087,0.0101640116742,-8.91311881e-05
308.15,0.3,824.074331,0.0103135077842,-5.32064894e-05
308.15,0.3,962.0403271,0.0101918465982,-2.15821488e-07
308.15,0.3,1123.104502,0.0101246278572,-1.33881425e-05
308.15,0.3,1311.133937,0.0101372836274,1.06192047e-05
308.15,0.3,1530.643141,0.0101938500126,2.55052004e-05
308.15,0.3,1786.902434,0.0102466420207,5.08246025e-05
308.15,0.3,2086.064493,0.010180370343,5.44895861e-05
308.15,0.3,2435.312073,0.0102358798199,0.000109292808
308.15,0.3,2843.030459,0.0101809323396,4.07200664e-05
308.15,0.3,3319.008796,0.0101881758339,0.000127674436
308.15,0.3,3874.67512,0.0102091115518,0.000118935612
308.15,0.3,4523.370745,0.0101350728948,0.000226397406
308.15,0.3,5280.670575,0.0101643608504,0.000243694504
308.15,0.3,6164.757056,0.010125008557,0.000367074414
308.15,0.3,7196.85673,0.0101079495961,0.000471698117
308.15,0.3,8401.749869,0.0101693858185,0.000421659904
308.15,0.3,9808.365445,0.0100905723453,0.000536229499
308.15,0.3,11450.4757,0.0101326846717,0.000698760415
308.15,0.3,13367.507,0.0100851187297,0.000878618268
308.15,0.3,15605.48645,0.0101176240671,0.000987049623
308.15,0.3,18218.14699,0.0100923846862,0.00113617676
308.15,0.3,21268.21747,0.0101722331976,0.00130379864
308.15,0.3,24828.92881,0.0101178771084,0.0015092902
308.15,0.3,28985.77215,0.0101152751363,0.00181484675
308.15,0.3,33838.55153,0.0101939741037,0.00212731356
308.15,0.3,39503.78014,0.00995606407772,0.00246681507
308.15,0.3,46117.47768,0.0100456206356,0.00284416938
308.15,0.3,53838.43622,0.00995613504184,0.00327490801
308.15,0.3,62852.03269,0.0100993965836,0.00388209088
308.15,0.3,73374.67971,0.010122000183,0.0045697775
308.15,0.3,85659.02154,0.0101324929151,0.00529660573
308.15,0.3,100000,0.0101097703722,0.00628533806
308.15,0.5,0.001,0.0106711479316,-0.000670024533
308.15,0.5,0.001167419359,0.0108099966261,-0.000530164085
308.15,0.5,0.001362867959,0.0107302343103,-0.000427375292
308.15,0.5,0.001591038439,0.010697630033,-0.000345289095
308.15,0.5,0.001857409075,0.0106490902261,-0.000328179819
308.15,0.5,0.002168375311,0.0107289808816,-0.000235630629
308.15,0.5,0.002531403315,0.0106772503831,-0.00029944343
308.15,0.5,0.002955209235,0.0106762178357,-0.000281550324
308.15,0.5,0.003449968471,0.0107076560355,-0.000158230905
308.15,0.5,0.00402755998,0.0107039165168,-0.000246706335
308.15,0.5,0.004701851489,0.0106432557202,-0.000193743351
308.15,0.5,0.005489032451,0.0107478419007,-0.000268397046
308.15,0.5,0.006408002744,0.0106199075127,-0.000106862915
308.15,0.5,0.007480826455,0.0106047886485,-0.000123493325
308.15,0.5,0.008733261624,0.0106700243919,-0.000198931021
308.15,0.5,0.01019537869,0.0106479784651,-0.000249683748
308.15,0.5,0.01190228245,0.0106308989386,-0.000139718746
308.15,0.5,0.01389495494,0.0105900174821,-0.000135789278
308.15,0.5,0.01622123939,0.010597920822,-8.40668902e-05
308.15,0.5,0.01893698889,0.0105494422237,-4.22427462e-05
308.15,0.5,0.02210740743,0.0104760638338,-0.000122067844
308.15,0.5,0.0258086154,0.010586770388,-0.000138263283
308.15,0.5,0.03012947725,0.0104808606061,-0.00013030371
308.15,0.5,0.03517373501,0.010510065727,-0.000124125248
308.15,0.5,0.04106249917,0.0105501283609,-0.000171039582
308.15,0.5,0.04793715646,0.0105042187158,-0.000136436095
308.15,0.5,0.05596276445,0.010639577288,-8.43946336e-05
308.15,0.5,0.0653320146,0.0104162763469,-0.00015834309
308.15,0.5,0.07626985859,0.0104454843668,-0.000133055714
308.15,0.5,0.08903890941,0.0104852195441,7.96702505e-06
308.15,0.5,0.1039457465,0.0105482074165,-8.58312509e-05
308.15,0.5,0.1213482768,0.0104612160696,-2.34861661e-06
308.15,0.5,0.1416643275,0.0103967906947,1.83144342e-05
308.15,0.5,0.1653816783,0.0105294304855,-3.48190089e-05
308.15,0.5,0.1930697729,0.0104194615741,1.24278455e-05
308.15,0.5,0.2253933905,0.0104556639947,-3.74534099e-05
308.15,0.5,0.2631286074,0.0105106966562,-7.10371069e-05
308.15,0.5,0.3071814301,0.0104282560529,-2.79072002e-05
308.15,0.5,0.3586095482,0.0104384872391,-1.60874614e-05
308.15,0.5,0.4186477288,0.0104865932711,-1.12287617e-05
308.15,0.5,0.4887374632,0.0104495011831,-1.19831974e-05
308.15,0.5,0.5705615759,0.0104743046553,-3.5002364e-05
308.15,0.5,0.6660846291,0.0104090685668,4.32745589e-05
308.15,0.5,0.7776000906,0.0104516467677,-2.19251429e-05
308.15,0.5,0.9077853992,0.0104001527175,-3.22625336e-05
308.15,0.5,1.059766249,0.0103752220304,3.93994576e-05
308.15,0.5,1.237191635,0.0105479003925,-6.13006949e-05
308.15,0.5,1.444321465,0.0104793642201,-8.27125841e-06
308.15,0.5,1.686128838,0.0105030637669,7.0091183e-05
308.15,0.5,1.968419447,0.0104041194023,-3.74960448e-06
308.15,0.5,2.297970969,0.0104527986113,6.79044356e-05
308.15,0.5,2.682695795,0.0104431638184,-2.01780145e-05
308.15,0.5,3.131831005,0.0103792630311,-3.34033629e-05
308.15,0.5,3.656160144,0.0104817125579,-1.51794531e-05
308.15,0.5,4.268272131,0.0104150598077,-3.63166249e-05
308.15,0.5,4.982863515,0.0104418275201,-2.60359998e-05
308.15,0.5,5.817091329,0.0103727687086,-3.08293006e-05
308.15,0.5,6.79098503,0.0105035511062,3.37158729e-05
308.15,0.5,7.927927389,0.0104909238999,1.1782869e-05
308.15,0.5,9.25521591,0.0104713119823,-2.12389301e-05
308.15,0.5,10.80471822,0.0104028089186,-5.07971926e-05
308.15,0.5,12.61363722,0.010421615383,0.000155574903
308.15,0.5,14.72540428,0.0105129812332,-2.51441812e-05
308.15,0.5,17.19072202,0.0104339588196,5.70053329e-05
308.15,0.5,20.06878168,0.0104615007184,-8.08122545e-05
308.15,0.5,23.42868424,0.0104538847914,-6.04702016e-05
308.15,0.5,27.35109953,0.01038688,3.9633751e-05
308.15,0.5,31.93020308,0.0105233913108,-8.59017823e-05
308.15,0.5,37.2759372,0.0103383855824,-8.83721699e-05
308.15,0.5,43.51665071,0.0104513943022,-3.97166276e-05
308.15,0.5,50.80218047,0.0104323502424,-8.00330315e-05
308.15,0.5,59.30744895,0.0103490906106,-6.2663048e-05
308.15,0.5,69.23666403,0.0104465796605,-4.52842207e-05
308.15,0.5,80.82822193,0.0104511983041,-1.43301011e-05
308.15,0.5,94.36043101,0.0104204739327,-5.70896194e-05
308.15,0.5,110.1581939,0.0103670925246,-5.83231936e-05
308.15,0.5,128.6008081,0.0104245230306,-1.14935757e-05
308.15,0.5,150.1310729,0.0104484160145,-1.35090615e-05
308.15,0.5,175.2659209,0.0103897619901,-0.000111683225
308.15,0.5,204.6088289,0.0104538730849,-0.000194633629
308.15,0.5,238.8643079,0.0103938863835,-0.000153866453
308.15,0.5,278.8548172,0.0103730276767,-4.73556931e-05
308.15,0.5,325.5405119,0.0103881809732,-0.000126971657
308.15,0.5,380.0422956,0.0102654068374,-0.000135735865
308.15,0.5,443.6687331,0.0102559629454,-0.000116972175
308.15,0.5,517.9474679,0.0102932460006,-3.90655289e-06
308.15,0.5,604.6619009,0.0102784802778,-7.31621935e-05
308.15,0.5,705.8940087,0.0103154824634,-8.3777421e-05
308.15,0.5,824.074331,0.010284544629,-8.69924348e-05
308.15,0.5,962.0403271,0.010224066621,-9.24568722e-05
308.15,0.5,1123.104502,0.0102166745265,0.000124691139
308.15,0.5,1311.133937,0.0101830203899,-4.15308306e-06
308.15,0.5,1530.643141,0.0101709607789,2.48993493e-05
308.15,0.5,1786.902434,0.01015979092,2.21096681e-05
308.15,0.5,2086.064493,0.0102226116304,0.00011629417
308.15,0.5,2435.312073,0.0101469269099,3.63233613e-05
308.15,0.5,2843.030459,0.0101474059434,1.9006459e-05
308.15,0.5,3319.008796,0.0101683248724,0.000120855759
308.15,0.5,3874.67512,0.0101291686157,0.000205363093
308.15,0.5,4523.370745,0.0101387031032,0.000347164197
308.15,0.5,5280.670575,0.0100348368838,0.00027831484
308.15,0.5,6164.757056,0.0101600396854,0.000296521157
308.15,0.5,7196.85673,0.0101213083689,0.000396340994
308.15,0.5,8401.749869,0.0101425357909,0.000446414965
308.15,0.5,9808.365445,0.0101477990715,0.00053707222
308.15,0.5,11450.4757,0.0100315981402,0.000687309394
308.15,0.5,13367.507,0.0102446399333,0.000820452863
308.15,0.5,15605.48645,0.0101280827415,0.000914427645
308.15,0.5,18218.14699,0.0101266657559,0.0011703783
308.15,0.5,21268.21747,0.0100243573975,0.00130372479
308.15,0.5,24828.92881,0.0101451088288,0.00153888518
308.15,0.5,28985.77215,0.0101325283356,0.00176912941
308.15,0.5,33838.55153,0.0100909849526,0.00212116418
308.15,0.5,39503.78014,0.0101207182717,0.00248073262
308.15,0.5,46117.47768,0.0101735601871,0.00291102641
308.15,0.5,53838.43622,0.0100868167499,0.00331861106
308.15,0.5,62852.03269,0.0100541338117,0.00396414949
308.15,0.5,73374.67971,0.0101754157572,0.0045602443
308.15,0.5,85659.02154,0.0101153646381,0.00537057578
308.15,0.5,100000,0.0100883596999,0.00631166485
308.15,0.7,0.001,0.0108701685133,-0.00077028034
308.15,0.7,0.001167419359,0.01075297063,-0.00076073919
308.15,0.7,0.001362867959,0.0107329911558,-0.00069786958
308.15,0.7,0.001591038439,0.0107543142149,-0.000546648443
308.15,0.7,0.001857409075,0.0107158549241,-0.000417436707
308.15,0.7,0.002168375311,0.0107459866438,-0.000441598439
308.15,0.7,0.002531403315,0.0107391840309,-0.000242688918
308.15,0.7,0.002955209235,0.0106921978753,-0.00043392603
308.15,0.7,0.003449968471,0.0107090717269,-0.000216841133
308.15,0.7,0.00402755998,0.0107344267419,-0.000207143017
308.15,0.7,0.004701851489,0.0107321798775,-0.000187795085
308.15,0.7,0.005489032451,0.0107355368373,-0.000274780774
308.15,0.7,0.006408002744,0.0107375639904,-0.00014331594
308.15,0.7,0.007480826455,0.0106984810057,-0.000143029835
308.15,0.7,0.008733261624,0.0107005515386,-0.000130645291
308.15,0.7,0.01019537869,0.0106387199548,-0.0002030991
308.15,0.7,0.01190228245,0.0106297089046,-0.000197922736
308.15,0.7,0.01389495494,0.0106815896416,-0.000109556502
308.15,0.7,0.01622123939,0.0105040034004,-0.000153441343
308.15,0.7,0.01893698889,0.010610403851,-0.000183436102
308.15,0.7,0.02210740743,0.0107403798942,-0.000199527724
308.15,0.7,0.0258086154,0.0104591974252,-0.000131118725
308.15,0.7,0.03012947725,0.0106209006945,-0.000206189496
308.15,0.7,0.03517373501,0.0104360907839,-9.24945039e-05
308.15,0.7,0.04106249917,0.0105359604278,-0.000103532391
308.15,0.7,0.04793715646,0.0105922946919,-0.000182982918
308.15,0.7,0.05596276445,0.0105766626202,-6.66297172e-05
308.15,0.7,0.0653320146,0.0104440656128,-1.75244832e-05
308.15,0.7,0.07626985859,0.0104175748365,-5.91710864e-05
308.15,0.7,0.08903890941,0.0104054087504,-0.000134516827
308.15,0.7,0.1039457465,0.0105139899807,-8.93276048e-05
308.15,0.7,0.1213482768,0.0104523279966,-6.9442195e-06
308.15,0.7,0.1416643275,0.0104699046588,-0.000113931624
308.15,0.7,0.1653816783,0.0104803335492,-6.01900418e-05
308.15,0.7,0.1930697729,0.0104858052749,2.42377516e-05
308.15,0.7,0.2253933905,0.0104901516136,-4.71044215e-05
308.15,0.7,0.2631286074,0.0104666677398,-5.92243671e-05
308.15,0.7,0.3071814301,0.0103745149966,1.69312184e-05
308.15,0.7,0.3586095482,0.0105329885796,6.20528778e-05
308.15,0.7,0.4186477288,0.0103119625718,6.07108761e-07
308.15,0.7,0.4887374632,0.0105188182622,-8.80422213e-05
308.15,0.7,0.5705615759,0.0104215820772,-0.000101066433
308.15,0.7,0.6660846291,0.0104417205042,-2.77968028e-05
308.15,0.7,0.7776000906,0.0104237939454,-0.000108130883
308.15,0.7,0.9077853992,0.010430899429,-1.62761408e-05
308.15,0.7,1.059766249,0.0104482723551,3.71511049e-05
308.15,0.7,1.237191635,0.0104340475138,-0.000149547624
308.15,0.7,1.444321465,0.0103906407622,-1.82719985e-05
308.15,0.7,1.686128838,0.01049171075,8.78971383e-06
308.15,0.7,1.968419447,0.010416480657,-3.61835193e-05
308.15,0.7,2.297970969,0.0105163390223,1.33036995e-05
308.15,0.7,2.682695795,0.0104377037066,1.9277552e-05
308.15,0.7,3.131831005,0.0104083433943,4.8405646e-05
308.15,0.7,3.656160144,0.0104675373607,0.000135376403
308.15,0.7,4.268272131,0.010490638027,9.98693055e-06
308.15,0.7,4.982863515,0.0103955888546,-5.4436735e-05
308.15,0.7,5.817091329,0.0104285738308,-6.14507593e-05
308.15,0.7,6.79098503,0.0105174356906,-7.3085661e-05
308.15,0.7,7.927927389,0.0103903444514,2.87447112e-05
308.15,0.7,9.25521591,0.0103976171465,8.38584511e-06
308.15,0.7,10.80471822,0.0104501702577,1.39218401e-05
308.15,0.7,12.61363722,0.0103775066998,-1.40475775e-06
308.15,0.7,14.72540428,0.0103116585859,7.06501609e-05
308.15,0.7,17.19072202,0.010352535914,4.24823122e-05
308.15,0.7,20.06878168,0.0104582912355,3.61162316e-05
308.15,0.7,23.42868424,0.0104719691572,-5.53571506e-05
308.15,0.7,27.35109953,0.010467574745,-3.9321433e-05
308.15,0.7,31.93020308,0.010455690982,-9.41005856e-05
308.15,0.7,37.2759372,0.0103693614804,-6.33537864e-05
308.15,0.7,43.51665071,0.0104669896283,-2.85048588e-05
308.15,0.7,50.80218047,0.010489267705,-0.000102071275
308.15,0.7,59.30744895,0.0103898137039,-7.63287699e-05
308.15,0.7,69.23666403,0.0104715634792,5.77453974e-05
308.15,0.7,80.82822193,0.0103987742057,-6.40726231e-05
308.15,0.7,94.36043101,0.010422211543,-0.000139663481
308.15,0.7,110.1581939,0.0104246652579,-0.000132938319
308.15,0.7,128.6008081,0.0103201852293,-7.88004199e-05
308.15,0.7,150.1310729,0.0104639150017,-3.6635769e-05
308.15,0.7,175.2659209,0.0103322215539,-9.14337798e-05
308.15,0.7,204.6088289,0.0103586288167,-4.66111143e-05
308.15,0.7,238.8643079,0.010324127388,-7.93514032e-05
308.15,0.7,278.8548172,0.0103579673505,-0.00015574275
308.15,0.7,325.5405119,0.010340383288,-4.39175618e-05
308.15,0.7,380.0422956,0.0103026276199,-0.000118805887
308.15,0.7,443.6687331,0.010357795966,7.22659916e-06
308.15,0.7,517.9474679,0.0102837521455,-0.000113836936
308.15,0.7,604.6619009,0.0102338800795,-8.14307401e-05
308.15,0.7,705.8940087,0.0100932404482,-9.08637875e-05
308.15,0.7,824.074331,0.0102139280892,-6.35080071e-05
308.15,0.7,962.0403271,0.0102025377223,-1.14890414e-05
308.15,0.7,1123.104502,0.0101632113452,-2.85899345e-05
308.15,0.7,1311.133937,0.0101552074616,5.9630412e-05
308.15,0.7,1530.643141,0.0102216790592,3.98301314e-05
308.15,0.7,1786.902434,0.0102377963875,0.000120323381
308.15,0.7,2086.064493,0.0102747378554,6.60025537e-05
308.15,0.7,2435.312073,0.0102306028608,0.000154662966
308.15,0.7,2843.030459,0.010131032543,0.000179344372
308.15,0.7,3319.008796,0.0101747323926,0.000143570747
308.15,0.7,3874.67512,0.0100873620216,0.00031888577
308.15,0.7,4523.370745,0.0101887159302,0.000309997516
308.15,0.7,5280.670575,0.0101649608602,0.00031080537
308.15,0.7,6164.757056,0.0101112098543,0.000331080393
308.15,0.7,7196.85673,0.0101324521525,0.000404597498
308.15,0.7,8401.749869,0.0101209833991,0.000478345696
308.15,0.7,9808.365445,0.0100975701962,0.000592583772
308.15,0.7,11450.4757,0.0101933227829,0.000625701014
308.15,0.7,13367.507,0.0102806568899,0.000809245598
308.15,0.7,15605.48645,0.0101618284571,0.000918193617
308.15,0.7,18218.14699,0.0101709480931,0.00120059751
308.15,0.7,21268.21747,0.0101225961659,0.00134808416
308.15,0.7,24828.92881,0.0100940137059,0.00162012096
308.15,0.7,28985.77215,0.0102221661379,0.00192011935
308.15,0.7,33838.55153,0.0100883153996,0.00212808456
308.15,0.7,39503.78014,0.0101255842177,0.00256609716
308.15,0.7,46117.47768,0.0100966091347,0.00289729139
308.15,0.7,53838.43622,0.0101322307299,0.00339745925
308.15,0.7,62852.03269,0.0100961074403,0.00387945348
308.15,0.7,73374.67971,0.0101297048161,0.00459806115
308.15,0.7,85659.02154,0.0100225574499,0.00544879692
308.15,0.7,100000,0.0100871588927,0.00629841036
308.15,0.9,0.001,0.0108834034179,-0.00129285776
308.15,0.9,0.001167419359,0.0107509221269,-0.00109633427
308.15,0.9,0.001362867959,0.010768854703,-0.000987461757
308.15,0.9,0.001591038439,0.0108770310166,-0.000856839865
308.15,0.9,0.001857409075,0.0108221160434,-0.000790802567
308.15,0.9,0.002168375311,0.0108550372148,-0.000561143543
308.15,0.9,0.002531403315,0.0106728488432,-0.000485527978
308.15,0.9,0.002955209235,0.0107974102722,-0.000487050118
308.15,0.9,0.003449968471,0.0107157057222,-0.000500878784
308.15,0.9,0.00402755998,0.0107034471321,-0.000397202916
308.15,0.9,0.004701851489,0.0107933386087,-0.000239585791
308.15,0.9,0.005489032451,0.0108260944204,-0.000391781814
308.15,0.9,0.006408002744,0.0106712321842,-0.000323989929
308.15,0.9,0.007480826455,0.010679653526,-0.000303607616
308.15,0.9,0.008733261624,0.0106932131728,-0.000219826589
308.15,0.9,0.01019537869,0.0107012048255,-0.000318606672
308.15,0.9,0.01190228245,0.0106185086818,-0.000224468421
308.15,0.9,0.01389495494,0.0107908802154,-0.000271721687
308.15,0.9,0.01622123939,0.0106812302194,-0.000235324275
308.15,0.9,0.01893698889,0.0106104200508,-0.000269248985
308.15,0.9,0.02210740743,0.0105823773331,-0.000163319603
308.15,0.9,0.0258086154,0.0107148745877,-0.000204198358
308.15,0.9,0.03012947725,0.0106934988226,-0.000195477448
308.15,0.9,0.03517373501,0.0105340102413,-9.17178974e-05
308.15,0.9,0.04106249917,0.0105652866621,-0.000117782608
308.15,0.9,0.04793715646,0.0106023058387,2.14733716e-06
308.15,0.9,0.05596276445,0.0104637789654,-8.83229427e-05
308.15,0.9,0.0653320146,0.0104872363964,-9.47601623e-05
308.15,0.9,0.07626985859,0.0105825130322,-8.21847234e-05
308.15,0.9,0.08903890941,0.0104688482342,6.60975264e-05
308.15,0.9,0.1039457465,0.010477536826,-4.98177016e-06
308.15,0.9,0.1213482768,0.0104248681695,-7.82901694e-05
308.15,0.9,0.1416643275,0.0104518167358,-3.9696942e-05
308.15,0.9,0.1653816783,0.0105244227052,-7.77872405e-05
308.15,0.9,0.1930697729,0.0104418585303,-1.01431088e-05
308.15,0.9,0.2253933905,0.0104136133778,-6.68314384e-05
308.15,0.9,0.2631286074,0.0104466799537,-6.54475723e-05
308.15,0.9,0.3071814301,0.0105706261789,-8.90321229e-06
308.15,0.9,0.3586095482,0.0104846116296,4.25897171e-05
308.15,0.9,0.4186477288,0.0104438767104,1.92971715e-05
308.15,0.9,0.4887374632,0.0104796943872,1.63707286e-05
308.15,0.9,0.5705615759,0.0104933372926,-1.84013737e-05
308.15,0.9,0.6660846291,0.0104749675537,-0.000145667763
308.15,0.9,0.7776000906,0.0103721919459,-2.54532347e-05
308.15,0.9,0.9077853992,0.0104817095435,-2.60252643e-05
308.15,0.9,1.059766249,0.01045360892,1.45334939e-05
308.15,0.9,1.237191635,0.0105081381983,8.00271068e-05
308.15,0.9,1.444321465,0.0103916336986,2.87067878e-05
308.15,0.9,1.686128838,0.0105170208236,-0.000102169501
308.15,0.9,1.968419447,0.0104349234638,-8.44867411e-06
308.15,0.9,2.297970969,0.0103703497681,-2.15087297e-05
308.15,0.9,2.682695795,0.010529404729,2.92236278e-05
308.15,0.9,3.131831005,0.010431540567,-1.16062072e-05
308.15,0.9,3.656160144,0.0104776335006,-0.000108978261
308.15,0.9,4.268272131,0.0104487896415,-5.59669405e-05
308.15,0.9,4.982863515,0.0105141602663,-2.53913073e-05
308.15,0.9,5.817091329,0.0105141505865,-0.000116725624
308.15,0.9,6.79098503,0.0105140504993,-1.59050613e-05
308.15,0.9,7.927927389,0.0104923223854,-2.51554494e-05
308.15,0.9,9.25521591,0.0103690631816,4.54658891e-05
308.15,0.9,10.80471822,0.0103648488695,-1.83138784e-05
308.15,0.9,12.61363722,0.0104631643954,-4.6404492e-05
308.15,0.9,14.72540428,0.0104016423313,-2.17922736e-05
308.15,0.9,17.19072202,0.0104754751585,-1.61552016e-05
308.15,0.9,20.06878168,0.0104586902539,3.19064444e-05
308.15,0.9,23.42868424,0.0103743823297,-7.23209672e-05
308.15,0.9,27.35109953,0.0103929171927,-0.00014382546
308.15,0.9,31.93020308,0.0103862115668,0.000116962602
308.15,0.9,37.2759372,0.0103973012135,7.65025614e-06
308.15,0.9,43.51665071,0.0104308276987,-3.46182566e-05
308.15,0.9,50.80218047,0.0104747750899,8.59896054e-05
308.15,0.9,59.30744895,0.0105059654906,-0.000107455941
308.15,0.9,69.23666403,0.0103802923204,-9.50446916e-05
308.15,0.9,80.82822193,0.0103965971944,-8.30324163e-05
308.15,0.9,94.36043101,0.0105016512151,-4.10854599e-05
308.15,0.9,110.1581939,0.0104593988968,-9.82593486e-05
308.15,0.9,128.6008081,0.0104156642079,-4.01570828e-05
308.15,0.9,150.1310729,0.0102696702292,-0.000106720732
308.15,0.9,175.2659209,0.0103276110247,-2.63225924e-05
308.15,0.9,204.6088289,0.0103746376506,-7.53528215e-05
308.15,0.9,238.8643079,0.0103200277513,-0.000190264167
308.15,0.9,278.8548172,0.0104379669923,-0.000106816291
308.15,0.9,325.5405119,0.0103215126557,-0.000164126261
308.15,0.9,380.0422956,0.0103139514113,-0.000108633537
308.15,0.9,443.6687331,0.0102249535052,-9.58545445e-05
308.15,0.9,517.9474679,0.0102115139049,2.87354059e-05
308.15,0.9,604.6619009,0.0102159219827,-8.97692212e-05
308.15,0.9,705.8940087,0.0102042830645,-0.000149078912
308.15,0.9,824.074331,0.0102122859294,-4.62140424e-05
308.15,0.9,962.0403271,0.0102328173752,-9.69344626e-05
308.15,0.9,1123.104502,0.0102162761738,7.44464588e-05
308.15,0.9,1311.133937,0.0102472692345,3.43884389e-05
308.15,0.9,1530.643141,0.0101187133291,9.84063616e-05
308.15,0.9,1786.902434,0.0101924637828,1.77222653e-05
308.15,0.9,2086.064493,0.0101878670583,7.76940838e-06
308.15,0.9,2435.312073,0.0102514326466,0.00010270592
308.15,0.9,2843.030459,0.0101532701878,4.58947288e-05
308.15,0.9,3319.008796,0.0101760147773,0.000100184498
308.15,0.9,3874.67512,0.0101123626809,0.000148720211
308.15,0.9,4523.370745,0.0101710006282,0.000223921693
308.15,0.9,5280.670575,0.0101648922708,0.000203186349
308.15,0.9,6164.757056,0.0101077093932,0.000233568341
308.15,0.9,7196.85673,0.0101130281265,0.000480991642
308.15,0.9,8401.749869,0.0101297685848,0.00045758857
308.15,0.9,9808.365445,0.0101573046752,0.00056698541
308.15,0.9,11450.4757,0.0100651017568,0.000712694108
308.15,0.9,13367.507,0.0101661168492,0.000827367323
308.15,0.9,15605.48645,0.0101006169433,0.000913614883
308.15,0.9,18218.14699,0.0102124561362,0.00109045117
308.15,0.9,21268.21747,0.0101873625073,0.00139063105
308.15,0.9,24828.92881,0.0100886572393,0.00159784268
308.15,0.9,28985.77215,0.0100746292491,0.00183424859
308.15,0.9,33838.55153,0.0102330232183,0.00218896516
308.15,0.9,39503.78014,0.0101357080964,0.00235918325
308.15,0.9,46117.47768,0.0101305864933,0.00288276986
308.15,0.9,53838.43622,0.0100755830699,0.00334694996
308.15,0.9,62852.03269,0.0100891833602,0.00382345056
308.15,0.9,73374.67971,0.0101394140789,0.00461091993
308.15,0.9,85659.02154,0.0101278952657,0.00540235962
308.15,0.9,100000,0.0100407683613,0.00628276149
318.15,0.1,0.001,0.0108646477936,-0.00346899033
318.15,0.1,0.001167419359,0.0108106085041,-0.00289874099
318.15,0.1,0.001362867959,0.0107394409681,-0.00246517404
318.15,0.1,0.001591038439,0.0108472821534,-0.00214090347
318.15,0.1,0.001857409075,0.0107813375496,-0.00181318279
318.15,0.1,0.002168375311,0.0108329915906,-0.00154630098
318.15,0.1,0.002531403315,0.0107578613618,-0.00127818863
318.15,0.1,0.002955209235,0.0108061598005,-0.00115917314
318.15,0.1,0.003449968471,0.010694933791,-0.000869795174
318.15,0.1,0.00402755998,0.010800985318,-0.000870334385
318.15,0.1,0.004701851489,0.0106936287118,-0.0007543556
318.15,0.1,0.005489032451,0.010780496074,-0.000632708097
318.15,0.1,0.006408002744,0.0106273282409,-0.000600389235
318.15,0.1,0.007480826455,0.0107543606713,-0.000547954598
318.15,0.1,0.008733261624,0.0107880145636,-0.000406922351
318.15,0.1,0.01019537869,0.0107642728333,-0.000546073529
318.15,0.1,0.01190228245,0.0107902615875,-0.000487275747
318.15,0.1,0.01389495494,0.0106530887414,-0.000244385336
318.15,0.1,0.01622123939,0.0107800362894,-0.000289923674
318.15,0.1,0.01893698889,0.0107646789508,-0.000276336517
318.15,0.1,0.02210740743,0.0105951492109,-0.000267475941
318.15,0.1,0.0258086154,0.0105981869682,-0.000248464283
318.15,0.1,0.03012947725,0.0105913925174,-0.000295840269
318.15,0.1,0.03517373501,0.0106024424638,-0.000241361203
318.15,0.1,0.04106249917,0.0105962714312,-0.000263220124
318.15,0.1,0.04793715646,0.0104386775131,-0.000128156762
318.15,0.1,0.05596276445,0.010587623557,-0.000139258771
318.15,0.1,0.0653320146,0.0105296341955,-0.000144765578
318.15,0.1,0.07626985859,0.0104777925195,-0.000121975528
318.15,0.1,0.08903890941,0.010572453257,-0.000136347678
318.15,0.1,0.1039457465,0.0104949870631,-0.000178519689
318.15,0.1,0.1213482768,0.0105658153357,-1.40628273e-05
318.15,0.1,0.1416643275,0.0105269624227,-6.03432132e-05
318.15,0.1,0.1653816783,0.0104756612448,-9.51998043e-05
318.15,0.1,0.1930697729,0.0105491558794,-4.59837789e-05
318.15,0.1,0.2253933905,0.0105247820765,-2.17614324e-06
318.15,0.1,0.2631286074,0.0104509396282,-3.96401203e-07
318.15,0.1,0.3071814301,0.0103883709407,-2.2071759e-05
318.15,0.1,0.3586095482,0.0104409314073,-7.87284805e-06
318.15,0.1,0.4186477288,0.0104989492903,-5.93286484e-05
318.15,0.1,0.4887374632,0.0104506744137,2.94635273e-05
318.15,0.1,0.5705615759,0.0105534147977,1.18591308e-05
318.15,0.1,0.6660846291,0.0104714639191,1.54138525e-05
318.15,0.1,0.7776000906,0.0104655294308,-0.000101412067
318.15,0.1,0.9077853992,0.0104742790791,4.9487111e-06
318.15,0.1,1.059766249,0.0104043906837,8.76734617e-06
318.15,0.1,1.237191635,0.0104425481011,1.80239114e-05
318.15,0.1,1.444321465,0.0104123674275,-0.000161332225
318.15,0.1,1.686128838,0.0103218602314,-0.000121007751
318.15,0.1,1.968419447,0.0103503265097,-5.09637752e-06
318.15,0.1,2.297970969,0.0104813555394,-6.93808459e-05
318.15,0.1,2.682695795,0.0104177780466,2.55403383e-06
318.15,0.1,3.131831005,0.0104334225072,-2.22380834e-05
318.15,0.1,3.656160144,0.0103608433964,2.8964219e-05
318.15,0.1,4.268272131,0.0104064822597,-4.65972068e-05
318.15,0.1,4.982863515,0.0104775193974,-7.35268957e-05
318.15,0.1,5.817091329,0.0104402952588,1.09200449e-05
318.15,0.1,6.79098503,0.0104068171272,-3.2247529e-05
318.15,0.1,7.927927389,0.01051349926,-8.09176853e-05
318.15,0.1,9.25521591,0.0104287418957,-0.0001249826
318.15,0.1,10.80471822,0.0104123599584,0.000147237021
318.15,0.1,12.61363722,0.0104897425314,-4.14560847e-05
318.15,0.1,14.72540428,0.0103370519849,-3.70993631e-05
318.15,0.1,17.19072202,0.0104557965318,-0.000131437454
318.15,0.1,20.06878168,0.0103666355203,-8.38056127e-05
318.15,0.1,23.42868424,0.0103819638333,-4.11992096e-05
318.15,0.1,27.35109953,0.0103853166584,-1.89919036e-05
318.15,0.1,31.93020308,0.0104255175929,8.01327677e-07
318.15,0.1,37.2759372,0.0104213840193,-8.55545211e-05
318.15,0.1,43.51665071,0.0104280857299,-2.53126056e-05
318.15,0.1,50.80218047,0.0104187753225,4.40033321e-06
318.15,0.1,59.30744895,0.0104761152068,-9.0871112e-05
318.15,0.1,69.23666403,0.0104848930038,-7.42464295e-05
318.15,0.1,80.82822193,0.0104259035412,-0.000173958227
318.15,0.1,94.36043101,0.0104194123514,-0.000128797837
318.15,0.1,110.1581939,0.0103496838706,-0.000166072375
318.15,0.1,128.6008081,0.0102997545497,-6.37506492e-05
318.15,0.1,150.1310729,0.010374204758,-0.000114933388
318.15,0.1,175.2659209,0.0103299635531,-2.55812184e-05
318.15,0.1,204.6088289,0.0103561246659,-0.000102887354
318.15,0.1,238.8643079,0.0101994237414,-7.15274371e-05
318.15,0.1,278.8548172,0.0104148223331,-8.53703058e-05
318.15,0.1,325.5405119,0.0101924347092,-9.8189202e-05
318.15,0.1,380.0422956,0.0102424370482,-0.000159332486
318.15,0.1,443.6687331,0.0102750218108,-7.76146483e-06
318.15,0.1,517.9474679,0.0101373273707,-8.91612919e-05
318.15,0.1,604.6619009,0.0101660666097,-0.000168806641
318.15,0.1,705.8940087,0.0100783931403,-8.88712754e-05
318.15,0.1,824.074331,0.0100978144118,-0.000101310642
318.15,0.1,962.0403271,0.0100624957828,3.43239325e-05
318.15,0.1,1123.104502,0.0101589829564,4.50375961e-05
318.15,0.1,1311.133937,0.0101618213105,8.90118606e-05
318.15,0.1,1530.643141,0.0101246985547,0.000143378869
318.15,0.1,1786.902434,0.0102003668707,1.72031824e-05
318.15,0.1,2086.064493,0.0102022991424,-2.35552474e-05
318.15,0.1,2435.312073,0.010127124402,5.24101822e-05
318.15,0.1,2843.030459,0.0101126410191,0.000152465883
318.15,0.1,3319.008796,0.0101065861418,2.31454414e-05
318.15,0.1,3874.67512,0.0100943169335,0.000170902602
318.15,0.1,4523.370745,0.0101809230182,0.00028973674
318.15,0.1,5280.670575,0.0101234396718,0.000251041698
318.15,0.1,6164.757056,0.0100914346302,0.000346884332
318.15,0.1,7196.85673,0.0100938184757,0.000372497413
318.15,0.1,8401.749869,0.0101303271206,0.000588851196
318.15,0.1,9808.365445,0.0100794201622,0.000689722519
318.15,0.1,11450.4757,0.0101131024805,0.000639474997
318.15,0.1,13367.507,0.0100927641656,0.000770560251
318.15,0.1,15605.48645,0.010161482883,0.000964236824
318.15,0.1,18218.14699,0.010149476046,0.00115993202
318.15,0.1,21268.21747,0.0100156468629,0.001339497
318.15,0.1,24828.92881,0.0100782145869,0.00157700133
318.15,0.1,28985.77215,0.010121505662,0.00185786217
318.15,0.1,33838.55153,0.0100599441335,0.0021766392
318.15,0.1,39503.78014,0.0101241377861,0.00257085832
318.15,0.1,46117.47768,0.0100981056104,0.00289682272
318.15,0.1,53838.43622,0.0101107846252,0.00334773473
318.15,0.1,62852.03269,0.0100743341786,0.00393716764
318.15,0.1,73374.67971,0.0100934496971,0.00473181067
318.15,0.1,85659.02154,0.0101053372603,0.00542651212
318.15,0.1,100000,0.00998613402492,0.00632307048
318.15,0.3,0.001,0.0104589229092,-0.000485246924
318.15,0.3,0.001167419359,0.0104523259403,-0.00041319645
318.15,0.3,0.001362867959,0.0105939896031,-0.00028514387
318.15,0.3,0.001591038439,0.0105195441131,-0.000401067415
318.15,0.3,0.001857409075,0.0105217722971,-0.000297656134
318.15,0.3,0.002168375311,0.0105097323002,-0.000226445407
318.15,0.3,0.002531403315,0.0104716277095,-0.000188087926
318.15,0.3,0.002955209235,0.0104580534213,-0.000224639037
318.15,0.3,0.003449968471,0.0105405927568,-0.000267712487
318.15,0.3,0.00402755998,0.0104741951734,-0.000173781663
318.15,0.3,0.004701851489,0.0105752556648,-0.000180142099
318.15,0.3,0.005489032451,0.0104997626355,-0.000134974812
318.15,0.3,0.006408002744,0.0104913600024,-5.87773925e-05
318.15,0.3,0.007480826455,0.0104714238598,-7.26834099e-05
318.15,0.3,0.008733261624,0.0104747829336,-0.000167336663
318.15,0.3,0.01019537869,0.0104752835154,-0.000141844554
318.15,0.3,0.01190228245,0.0105473966473,-8.7688992e-05
318.15,0.3,0.01389495494,0.0105828483317,-3.44536535e-05
318.15,0.3,0.01622123939,0.0103909915759,-9.85120113e-05
318.15,0.3,0.01893698889,0.0104556781895,-8.18731853e-05
318.15,0.3,0.02210740743,0.0104692300486,-0.000174299682
318.15,0.3,0.0258086154,0.0103740516546,-0.000116471165
318.15,0.3,0.03012947725,0.0103773537728,-0.000129757324
318.15,0.3,0.03517373501,0.0103759463922,-7.19886157e-05
318.15,0.3,0.04106249917,0.0102642053505,-9.24841986e-05
318.15,0.3,0.04793715646,0.010414760372,-0.000119590267
318.15,0.3,0.05596276445,0.0103704851843,-0.000124813006
318.15,0.3,0.0653320146,0.0103612665327,-4.88373198e-05
318.15,0.3,0.07626985859,0.0103646850421,-8.920969e-05
318.15,0.3,0.08903890941,0.0103686749481,1.28343808e-05
318.15,0.3,0.1039457465,0.0104721327426,-3.47699396e-05
318.15,0.3,0.1213482768,0.0103580574835,-5.23927613e-05
318.15,0.3,0.1416643275,0.0103893488555,1.52344947e-05
318.15,0.3,0.1653816783,0.0103168066767,-9.38612651e-05
318.15,0.3,0.1930697729,0.0103602799173,2.29788374e-05
318.15,0.3,0.2253933905,0.010324076753,-6.1666331e-05
318.15,0.3,0.2631286074,0.0103312886665,1.87645926e-05
318.15,0.3,0.3071814301,0.0102909920939,-5.43860379e-05
318.15,0.3,0.3586095482,0.0102944928935,-6.65662032e-05
318.15,0.3,0.4186477288,0.0103596029976,-0.000112871171
318.15,0.3,0.4887374632,0.0103738469477,-1.00239452e-05
318.15,0.3,0.5705615759,0.0103583468243,1.50398637e-05
318.15,0.3,0.6660846291,0.010299009833,-8.45914174e-05
318.15,0.3,0.7776000906,0.0103496831744,8.65923422e-05
318.15,0.3,0.9077853992,0.0102013211902,-8.46678626e-06
318.15,0.3,1.059766249,0.0103812349335,-6.72749791e-05
318.15,0.3,1.237191635,0.0103299657728,9.87949424e-05
318.15,0.3,1.444321465,0.0103456225269,-2.73025907e-05
318.15,0.3,1.686128838,0.0103916173283,7.33003595e-05
318.15,0.3,1.968419447,0.010309095089,-0.000155633089
318.15,0.3,2.297970969,0.01038037962,0.000111095677
318.15,0.3,2.682695795,0.0103076454739,6.10607703e-06
318.15,0.3,3.131831005,0.0103583989438,-4.19695282e-06
318.15,0.3,3.656160144,0.0103088593956,1.32895619e-05
318.15,0.3,4.268272131,0.010345485469,-6.5833238e-05
318.15,0.3,4.982863515,0.0104047022953,4.5465933e-05
318.15,0.3,5.817091329,0.0102955793414,1.92338319e-05
318.15,0.3,6.79098503,0.0102974352358,1.25678836e-05
318.15,0.3,7.927927389,0.0103119006017,-3.54798201e-05
318.15,0.3,9.25521591,0.0103441878573,-6.78506322e-05
318.15,0.3,10.80471822,0.0104707519155,1.30547004e-05
318.15,0.3,12.61363722,0.0102981008908,3.68641265e-05
318.15,0.3,14.72540428,0.0102220132618,-5.02830736e-07
318.15,0.3,17.19072202,0.0102935066808,-1.97199198e-05
318.15,0.3,20.06878168,0.0102449292217,-3.8132966e-05
318.15,0.3,23.42868424,0.0102974424026,2.6481655e-05
318.15,0.3,27.35109953,0.0103266863177,6.41197679e-05
318.15,0.3,31.93020308,0.0102754054584,-2.35460155e-05
318.15,0.3,37.2759372,0.0102888588231,-6.312538e-05
318.15,0.3,43.51665071,0.010226287971,0.000111466141
318.15,0.3,50.80218047,0.0103309733392,-0.00010582741
318.15,0.3,59.30744895,0.0102811645225,-1.22172856e-05
318.15,0.3,69.23666403,0.0103739687916,-3.49568543e-05
318.15,0.3,80.82822193,0.0103695216766,3.66269635e-05
318.15,0.3,94.36043101,0.0102670316865,-4.47021302e-05
318.15,0.3,110.1581939,0.0102889107189,-0.000130216409
318.15,0.3,128.6008081,0.0103060497561,-0.000106630558
318.15,0.3,150.1310729,0.0103366335683,-4.49804881e-05
318.15,0.3,175.2659209,0.0102044052626,-5.63174709e-05
318.15,0.3,204.6088289,0.0102790250353,-9.41925907e-05
318.15,0.3,238.8643079,0.0103695691155,-9.19336516e-05
318.15,0.3,278.8548172,0.0102588426406,-0.000147115619
318.15,0.3,325.5405119,0.0102636637333,-0.00014360591
318.15,0.3,380.0422956,0.0102404808124,-9.76715016e-05
318.15,0.3,443.6687331,0.0101670319187,-9.81614922e-05
318.15,0.3,517.9474679,0.0102644489828,-6.45890867e-05
318.15,0.3,604.6619009,0.0102174059702,-0.000112420626
318.15,0.3,705.8940087,0.0102004276136,4.06790466e-05
318.15,0.3,824.074331,0.010218365255,-0.00012274286
318.15,0.3,962.0403271,0.0102115674378,2.78052239e-05
318.15,0.3,1123.104502,0.0100660977448,2.58846513e-05
318.15,0.3,1311.133937,0.0101793570786,9.67613367e-05
318.15,0.3,1530.643141,0.0101183461887,0.000104914709
318.15,0.3,1786.902434,0.0101501754698,-1.56028129e-05
318.15,0.3,2086.064493,0.0101005659508,9.51745238e-05
318.15,0.3,2435.312073,0.0100882600305,0.000142464601
318.15,0.3,2843.030459,0.0101764683949,0.000181163639
318.15,0.3,3319.008796,0.0101239657718,0.000191999666
318.15,0.3,3874.67512,0.0101065543937,0.000173254373
318.15,0.3,4523.370745,0.0101029715801,0.000313626747
318.15,0.3,5280.670575,0.0101184843942,0.000290067053
318.15,0.3,6164.757056,0.0101104625145,0.000328510461
318.15,0.3,7196.85673,0.00998831077156,0.000430468046
318.15,0.3,8401.749869,0.0100611683183,0.000475143649
318.15,0.3,9808.365445,0.0100906003727,0.000553844175
318.15,0.3,11450.4757,0.010137794609,0.000699984484
318.15,0.3,13367.507,0.0101666263273,0.000952983203
318.15,0.3,15605.48645,0.0100478076849,0.000975021063
318.15,0.3,18218.14699,0.0101917783664,0.00112831511
318.15,0.3,21268.21747,0.0100961864255,0.00129372919
318.15,0.3,24828.92881,0.0101146740754,0.00156080058
318.15,0.3,28985.77215,0.0100606826402,0.00174265386
318.15,0.3,33838.55153,0.0100553876126,0.00213672234
318.15,0.3,39503.78014,0.010159966484,0.00248239228
318.15,0.3,46117.47768,0.0100724951888,0.00288929613
318.15,0.3,53838.43622,0.0100773115181,0.00339654816
318.15,0.3,62852.03269,0.0101444134526,0.00392673585
318.15,0.3,73374.67971,0.0101761238771,0.00463745531
318.15,0.3,85659.02154,0.00999368826097,0.0054037829
318.15,0.3,100000,0.0100672469116,0.00630817359
318.15,0.5,0.001,0.0104880054122,-0.000577964784
318.15,0.5,0.001167419359,0.0105831051735,-0.000450295655
318.15,0.5,0.001362867959,0.0106164092743,-0.000439133625
318.15,0.5,0.001591038439,0.0104831334299,-0.000301670332
318.15,0.5,0.001857409075,0.0105043105102,-0.000327457007
318.15,0.5,0.002168375311,0.0105289751435,-0.000210729014
318.15,0.5,0.002531403315,0.0105426362347,-0.000230238706
318.15,0.5,0.002955209235,0.010463930999,-0.00021573002
318.15,0.5,0.003449968471,0.0105240096183,-0.000243200172
318.15,0.5,0.00402755998,0.0104404000622,-0.000134544044
318.15,0.5,0.004701851489,0.0103344788619,-0.000132301821
318.15,0.5,0.005489032451,0.0103998408553,-0.000135463343
318.15,0.5,0.006408002744,0.0104803591892,-0.000105390562
318.15,0.5,0.007480826455,0.0105063310118,-0.000111965464
318.15,0.5,0.008733261624,0.0103422939069,-0.000162164226
318.15,0.5,0.01019537869,0.0103605571293,-0.000171606117
318.15,0.5,0.01190228245,0.0104470011668,-7.1641418e-05
318.15,0.5,0.01389495494,0.0102643505274,-9.35115458e-05
318.15,0.5,0.01622123939,0.0104616293094,-2.0037545e-05
318.15,0.5,0.01893698889,0.0104768633754,7.8451621e-06
318.15,0.5,0.02210740743,0.0102570888021,-5.34067099e-05
318.15,0.5,0.0258086154,0.0104417765812,-6.0772131e-05
318.15,0.5,0.03012947725,0.0103808568412,-6.11012349e-05
318.15,0.5,0.03517373501,0.0104539785138,-8.11718643e-05
318.15,0.5,0.04106249917,0.0103848923836,-0.000115288597
318.15,0.5,0.04793715646,0.0103488238972,-0.000214985735
318.15,0.5,0.05596276445,0.0103595118448,-2.83540728e-05
318.15,0.5,0.0653320146,0.0103951660282,-3.1195494e-05
318.15,0.5,0.07626985859,0.0103506301636,-5.42047687e-05
318.15,0.5,0.08903890941,0.0103381372026,-4.30548516e-05
318.15,0.5,0.1039457465,0.0102574510981,7.14591045e-06
318.15,0.5,0.1213482768,0.0103539132942,9.44836542e-06
318.15,0.5,0.1416643275,0.0103278584244,-2.42189153e-05
318.15,0.5,0.1653816783,0.0104191829673,-4.3381429e-05
318.15,0.5,0.1930697729,0.0103215249566,5.27123608e-06
318.15,0.5,0.2253933905,0.0103161133016,1.90819476e-05
318.15,0.5,0.2631286074,0.010286851492,9.65235563e-05
318.15,0.5,0.3071814301,0.0103554180404,-6.57988509e-05
318.15,0.5,0.3586095482,0.010306435662,1.08914938e-05
318.15,0.5,0.4186477288,0.0102796413185,-5.99512969e-05
318.15,0.5,0.4887374632,0.010398034186,-3.56376282e-05
318.15,0.5,0.5705615759,0.0104065453438,0.00011408726
318.15,0.5,0.6660846291,0.0102904622884,-3.0542127e-05
318.15,0.5,0.7776000906,0.0102603762115,-1.40191908e-05
318.15,0.5,0.9077853992,0.0103710793016,-3.68204027e-05
318.15,0.5,1.059766249,0.0102691699931,4.02143715e-05
318.15,0.5,1.237191635,0.010457829043,-2.67796732e-05
318.15,0.5,1.444321465,0.010304513314,-9.19358212e-05
318.15,0.5,1.686128838,0.0103609553178,4.17214919e-06
318.15,0.5,1.968419447,0.0102438167833,4.09008628e-05
318.15,0.5,2.297970969,0.0103087674927,-3.75020648e-06
318.15,0.5,2.682695795,0.0103668249276,6.17941137e-06
318.15,0.5,3.131831005,0.0103327864967,-3.87925772e-05
318.15,0.5,3.656160144,0.0102820352882,-5.14273286e-05
318.15,0.5,4.268272131,0.0104364198803,-1.49826123e-06
318.15,0.5,4.982863515,0.0103475682728,-6.18205876e-05
318.15,0.5,5.817091329,0.0102973078676,-2.52443614e-05
318.15,0.5,6.79098503,0.0102776562786,-5.44362332e-05
318.15,0.5,7.927927389,0.0102947326008,-1.48003501e-05
318.15,0.5,9.25521591,0.010378336595,3.93617646e-05
318.15,0.5,10.80471822,0.0102683103763,-4.95748666e-06
318.15,0.5,12.61363722,0.0103096501877,5.63304177e-05
318.15,0.5,14.72540428,0.0102652609503,1.50325445e-05
318.15,0.5,17.19072202,0.0103722655171,-1.19700823e-05
318.15,0.5,20.06878168,0.0102986123065,-5.39257859e-05
318.15,0.5,23.42868424,0.0103512410357,-1.62609613e-06
318.15,0.5,27.35109953,0.0103355150574,-6.97302702e-05
318.15,0.5,31.93020308,0.0102755997079,3.04487187e-05
318.15,0.5,37.2759372,0.0103412111918,-8.23324321e-05
318.15,0.5,43.51665071,0.0103528031464,-8.66479616e-05
318.15,0.5,50.80218047,0.0102439107244,-6.03033231e-05
318.15,0.5,59.30744895,0.0103384466725,-0.00010591415
318.15,0.5,69.23666403,0.0104847103867,-1.43515008e-05
318.15,0.5,80.82822193,0.0102835030676,-6.36567158e-05
318.15,0.5,94.36043101,0.0103297373347,-5.02630278e-05
318.15,0.5,110.1581939,0.0102249481598,3.51154667e-06
318.15,0.5,128.6008081,0.0103144615253,-0.000149385268
318.15,0.5,150.1310729,0.0102562200989,-4.93977167e-05
318.15,0.5,175.2659209,0.0103214291325,-2.1150044e-05
318.15,0.5,204.6088289,0.010273340028,1.04743195e-05
318.15,0.5,238.8643079,0.010208387427,-3.9406303e-05
318.15,0.5,278.8548172,0.0103180924084,-8.40772826e-05
318.15,0.5,325.5405119,0.0102413382382,-1.06595223e-06
318.15,0.5,380.0422956,0.010190444005,-1.65082611e-06
318.15,0.5,443.6687331,0.0102357456637,6.73026415e-05
318.15,0.5,517.9474679,0.0101717757921,6.70854051e-05
318.15,0.5,604.6619009,0.0102308056256,-5.14296018e-05
318.15,0.5,705.8940087,0.0101963889689,3.83862452e-05
318.15,0.5,824.074331,0.0101702532671,-1.3031284e-05
318.15,0.5,962.0403271,0.0102137149802,-6.57396387e-05
318.15,0.5,1123.104502,0.0101052129257,3.79015092e-05
318.15,0.5,1311.133937,0.0102123986628,8.49268111e-05
318.15,0.5,1530.643141,0.0100529854699,-8.78988145e-05
318.15,0.5,1786.902434,0.010231478858,0.000124127622
318.15,0.5,2086.064493,0.0101530826295,3.43042912e-05
318.15,0.5,2435.312073,0.0101254238068,0.000186792667
318.15,0.5,2843.030459,0.0100969421404,0.000144383129
318.15,0.5,3319.008796,0.0101585150849,0.000172867452
318.15,0.5,3874.67512,0.0101187266371,0.000275267558
318.15,0.5,4523.370745,0.010114318113,0.000228571416
318.15,0.5,5280.670575,0.0101727774778,0.000404300123
318.15,0.5,6164.757056,0.0100947019835,0.000303252477
318.15,0.5,7196.85673,0.0101016960362,0.000388709747
318.15,0.5,8401.749869,0.010132683933,0.000440984452
318.15,0.5,9808.365445,0.0101626761454,0.000615555409
318.15,0.5,11450.4757,0.010097498233,0.00068874296
318.15,0.5,13367.507,0.0101108113029,0.000856133098
318.15,0.5,15605.48645,0.0101026862001,0.00101381851
318.15,0.5,18218.14699,0.0101362904104,0.00116393462
318.15,0.5,21268.21747,0.0101728420064,0.00137193444
318.15,0.5,24828.92881,0.0100462881004,0.00159772397
318.15,0.5,28985.77215,0.0100858914209,0.00179844232
318.15,0.5,33838.55153,0.0100888186823,0.00206980598
318.15,0.5,39503.78014,0.0101207972736,0.00241345115
318.15,0.5,46117.47768,0.0101680375144,0.00292237877
318.15,0.5,53838.43622,0.0100863796643,0.00333902976
318.15,0.5,62852.03269,0.0100977639896,0.00388111812
318.15,0.5,73374.67971,0.010148401983,0.00454899276
318.15,0.5,85659.02154,0.0100122077493,0.005356354
318.15,0.5,100000,0.0100369284785,0.00628472425
318.15,0.7,0.001,0.0104882460923,-0.00086517081
318.15,0.7,0.001167419359,0.0105108244499,-0.000788622731
318.15,0.7,0.001362867959,0.0105223034094,-0.000602826686
318.15,0.7,0.001591038439,0.0104812209012,-0.000666260964
318.15,0.7,0.001857409075,0.0106006597287,-0.000490131084
318.15,0.7,0.002168375311,0.0104684140977,-0.000354542316
318.15,0.7,0.002531403315,0.0104935610615,-0.00034350644
318.15,0.7,0.002955209235,0.0105602011792,-0.000249322714
318.15,0.7,0.003449968471,0.0105414225488,-0.000270419372
318.15,0.7,0.00402755998,0.010497202668,-0.000213729476
318.15,0.7,0.004701851489,0.0105151016693,-0.000216810152
318.15,0.7,0.005489032451,0.0105352534963,-0.000221160266
318.15,0.7,0.006408002744,0.0104871607499,-0.000160715993
318.15,0.7,0.007480826455,0.010517504527,-0.000115348325
318.15,0.7,0.008733261624,0.0104287829144,-0.000262649266
318.15,0.7,0.01019537869,0.0104744760528,-0.000192360893
318.15,0.7,0.01190228245,0.0103759376191,-0.000254752928
318.15,0.7,0.01389495494,0.0104067674989,-0.000187404905
318.15,0.7,0.01622123939,0.0103836355562,-0.000201828889
318.15,0.7,0.01893698889,0.0104992139729,-0.000154918559
318.15,0.7,0.02210740743,0.0103970829417,-0.000140992519
318.15,0.7,0.0258086154,0.0104252455049,-6.96186795e-05
318.15,0.7,0.03012947725,0.0103487532369,-4.97774538e-05
318.15,0.7,0.03517373501,0.0103750876512,-0.000152148333
318.15,0.7,0.04106249917,0.0103600976,-0.000128934215
318.15,0.7,0.04793715646,0.0103198454977,-6.23694983e-05
318.15,0.7,0.05596276445,0.0104010237087,-0.000122068376
318.15,0.7,0.0653320146,0.0102611384679,-0.000101948166
318.15,0.7,0.07626985859,0.0103747134771,-0.000171201132
318.15,0.7,0.08903890941,0.0104757652481,-2.78249815e-05
318.15,0.7,0.1039457465,0.0102887775861,-4.61657577e-05
318.15,0.7,0.1213482768,0.0103294965159,-0.000104926609
318.15,0.7,0.1416643275,0.0102429353706,-0.000118764158
318.15,0.7,0.1653816783,0.0103203005132,-0.000100347106
318.15,0.7,0.1930697729,0.0102283166411,-1.68508256e-05
318.15,0.7,0.2253933905,0.0103498874711,-6.17799504e-05
318.15,0.7,0.2631286074,0.0102892823629,-9.723842e-05
318.15,0.7,0.3071814301,0.0102166312831,-4.70927096e-05
318.15,0.7,0.3586095482,0.0102439682988,1.81087326e-05
318.15,0.7,0.4186477288,0.0102272162358,4.12895883e-05
318.15,0.7,0.4887374632,0.0102941133994,4.83093263e-05
318.15,0.7,0.5705615759,0.0103525731277,-1.34601512e-05
318.15,0.7,0.6660846291,0.0102859739983,-4.52276698e-06
318.15,0.7,0.7776000906,0.0102441116359,-1.0366375e-06
318.15,0.7,0.9077853992,0.0102610933343,2.01261013e-05
318.15,0.7,1.059766249,0.010310168771,1.73686616e-05
318.15,0.7,1.237191635,0.0101756334088,-6.32667482e-05
318.15,0.7,1.444321465,0.0103331675694,-5.037891e-05
318.15,0.7,1.686128838,0.0103229854527,-3.11477042e-05
318.15,0.7,1.968419447,0.0101723653467,2.69621914e-05
318.15,0.7,2.297970969,0.0103624935899,-3.63992277e-05
318.15,0.7,2.682695795,0.0102141199434,-4.94797972e-05
318.15,0.7,3.131831005,0.0102880445288,4.50043818e-05
318.15,0.7,3.656160144,0.0103606593659,6.84016972e-05
318.15,0.7,4.268272131,0.0102124557306,-5.57337564e-05
318.15,0.7,4.982863515,0.0102009144929,-1.51070538e-05
318.15,0.7,5.817091329,0.0102386800179,5.28676536e-05
318.15,0.7,6.79098503,0.0102401412326,-2.87598309e-05
318.15,0.7,7.927927389,0.0102893451331,4.04236221e-05
318.15,0.7,9.25521591,0.0102686396501,-8.23951859e-05
318.15,0.7,10.80471822,0.0102697598867,-1.97608978e-05
318.15,0.7,12.61363722,0.0102701509606,2.59320002e-05
318.15,0.7,14.72540428,0.0102855181656,7.13940258e-05
318.15,0.7,17.19072202,0.0102498044953,4.03297585e-05
318.15,0.7,20.06878168,0.0103115281791,-9.53298469e-05
318.15,0.7,23.42868424,0.0102937472221,-9.17289512e-05
318.15,0.7,27.35109953,0.0102399853294,-5.77500867e-05
318.15,0.7,31.93020308,0.0103886955706,3.01760251e-05
318.15,0.7,37.2759372,0.0102255271462,2.36094034e-05
318.15,0.7,43.51665071,0.0103302386398,4.07999025e-05
318.15,0.7,50.80218047,0.0102516164273,1.83100284e-05
318.15,0.7,59.30744895,0.0103087208974,-4.99728168e-05
318.15,0.7,69.23666403,0.0103159875463,-4.19801857e-05
318.15,0.7,80.82822193,0.0103322697367,-7.13841522e-05
318.15,0.7,94.36043101,0.0103598199681,1.62052241e-05
318.15,0.7,110.1581939,0.0102387521507,-9.65225641e-05
318.15,0.7,128.6008081,0.0104300911271,-3.03124483e-05
318.15,0.7,150.1310729,0.010297915663,-2.40395836e-05
318.15,0.7,175.2659209,0.0102298402736,2.4185046e-05
318.15,0.7,204.6088289,0.0101962120153,-8.35539343e-05
318.15,0.7,238.8643079,0.0103841576204,-2.56205313e-05
318.15,0.7,278.8548172,0.0103403777463,-0.000101258537
318.15,0.7,325.5405119,0.0102453073525,3.09155222e-06
318.15,0.7,380.0422956,0.0102769968921,-6.99035971e-05
318.15,0.7,443.6687331,0.0102961153313,-6.59578654e-05
318.15,0.7,517.9474679,0.0102221771664,-9.67551626e-05
318.15,0.7,604.6619009,0.0101843076343,-7.40927121e-05
318.15,0.7,705.8940087,0.0101939611093,-6.93524533e-05
318.15,0.7,824.074331,0.0102291831506,-5.84159838e-05
318.15,0.7,962.0403271,0.0101770070279,4.44935475e-05
318.15,0.7,1123.104502,0.0101031371328,-5.34137164e-05
318.15,0.7,1311.133937,0.0101981462083,2.58080308e-05
318.15,0.7,1530.643141,0.0100623142862,7.42183094e-05
318.15,0.7,1786.902434,0.0101066533204,-7.57709384e-06
318.15,0.7,2086.064493,0.01020416072,-3.73726108e-05
318.15,0.7,2435.312073,0.0101474043046,0.000123459419
318.15,0.7,2843.030459,0.010142777352,4.29991174e-05
318.15,0.7,3319.008796,0.0101321906058,0.000120992144
318.15,0.7,3874.67512,0.0101763665698,0.000193593824
318.15,0.7,4523.370745,0.0101168490148,0.000255945849
318.15,0.7,5280.670575,0.0100152676419,0.000277810087
318.15,0.7,6164.757056,0.0101255595404,0.000312949373
318.15,0.7,7196.85673,0.0099512355604,0.000467018678
318.15,0.7,8401.749869,0.0100006630605,0.000504999139
318.15,0.7,9808.365445,0.0101857017352,0.00068261805
318.15,0.7,11450.4757,0.0101548633111,0.000642166174
318.15,0.7,13367.507,0.0100745022644,0.000806126075
318.15,0.7,15605.48645,0.0100922891837,0.000950866808
318.15,0.7,18218.14699,0.0100984631878,0.00114671623
318.15,0.7,21268.21747,0.0101441626668,0.00132394656
318.15,0.7,24828.92881,0.0100499056196,0.00153839063
318.15,0.7,28985.77215,0.0100423896819,0.00190155674
318.15,0.7,33838.55153,0.0100538769729,0.0020972811
318.15,0.7,39503.78014,0.0100928305668,0.00248588578
318.15,0.7,46117.47768,0.0100982576852,0.00288915086
318.15,0.7,53838.43622,0.0100613889763,0.00333215883
318.15,0.7,62852.03269,0.0101235974203,0.00397299616
318.15,0.7,73374.67971,0.0100224465588,0.00448910647
318.15,0.7,85659.02154,0.0100747383993,0.00543267903
318.15,0.7,100000,0.0100361102588,0.00617439588
318.15,0.9,0.001,0.0105087019339,-0.00134237392
318.15,0.9,0.001167419359,0.0106291900805,-0.00113425158
318.15,0.9,0.001362867959,0.0105442235998,-0.00100758326
318.15,0.9,0.001591038439,0.0105058812959,-0.000873804522
318.15,0.9,0.001857409075,0.0105612436966,-0.000666190883
318.15,0.9,0.002168375311,0.0105034293095,-0.000504054947
318.15,0.9,0.002531403315,0.0105881130923,-0.000493318365
318.15,0.9,0.002955209235,0.010599811515,-0.000470205647
318.15,0.9,0.003449968471,0.0106069281704,-0.000453239348
318.15,0.9,0.00402755998,0.0104916261567,-0.000411105007
318.15,0.9,0.004701851489,0.0105374106898,-0.000263840456
318.15,0.9,0.005489032451,0.0106405493631,-0.000246558953
318.15,0.9,0.006408002744,0.0105245528661,-0.000195825239
318.15,0.9,0.007480826455,0.0105981034605,-0.000189890021
318.15,0.9,0.008733261624,0.0106048431796,-0.000154137234
318.15,0.9,0.01019537869,0.0104399982331,-0.000241905073
318.15,0.9,0.01190228245,0.0105694212115,-0.000239503064
318.15,0.9,0.01389495494,0.0105336933961,-0.000241190478
318.15,0.9,0.01622123939,0.010528073893,-0.000179780607
318.15,0.9,0.01893698889,0.0105584038232,-0.00018028835
318.15,0.9,0.02210740743,0.0104788024104,-0.000156219972
318.15,0.9,0.0258086154,0.0104443532809,-0.000217691188
318.15,0.9,0.03012947725,0.0104587633465,-0.0001364348
318.15,0.9,0.03517373501,0.0103944029662,-9.40565948e-05
318.15,0.9,0.04106249917,0.0104265184346,-0.000123081538
318.15,0.9,0.04793715646,0.010281886894,-0.00025937561
318.15,0.9,0.05596276445,0.0104702822792,-0.000109132501
318.15,0.9,0.0653320146,0.0103415525721,-0.000117259345
318.15,0.9,0.07626985859,0.010390686098,-4.14341786e-05
318.15,0.9,0.08903890941,0.0103720705001,-8.94408235e-05
318.15,0.9,0.1039457465,0.0103555072782,-4.01291107e-05
318.15,0.9,0.1213482768,0.0103511306087,-8.6403645e-05
318.15,0.9,0.1416643275,0.010344545077,-4.26724861e-05
318.15,0.9,0.1653816783,0.0102509864141,-3.20270018e-06
318.15,0.9,0.1930697729,0.0103055898758,-6.29951841e-05
318.15,0.9,0.2253933905,0.0103947224653,-2.80605591e-05
318.15,0.9,0.2631286074,0.010275268326,-3.16060695e-05
318.15,0.9,0.3071814301,0.0102713407831,-4.4526252e-06
318.15,0.9,0.3586095482,0.0104366184153,-3.92885307e-05
318.15,0.9,0.4186477288,0.010386917817,-5.28562639e-06
318.15,0.9,0.4887374632,0.010404016566,-0.000122777734
318.15,0.9,0.5705615759,0.0103194734295,-3.71766855e-05
318.15,0.9,0.6660846291,0.0103329711103,2.00712175e-05
318.15,0.9,0.7776000906,0.0103577043521,1.37769212e-05
318.15,0.9,0.9077853992,0.0103460466636,-6.95748227e-05
318.15,0.9,1.059766249,0.0103107596499,-5.95421741e-05
318.15,0.9,1.237191635,0.0102373457813,4.0163294e-06
318.15,0.9,1.444321465,0.0102748778295,3.23588427e-06
318.15,0.9,1.686128838,0.0102332698825,9.73503987e-06
318.15,0.9,1.968419447,0.0103946415803,-1.01748317e-05
318.15,0.9,2.297970969,0.0102899317616,-7.13634303e-06
318.15,0.9,2.682695795,0.0103007905577,4.18137713e-05
318.15,0.9,3.131831005,0.0103245664458,-5.98147731e-05
318.15,0.9,3.656160144,0.0103098803728,-8.27546743e-05
318.15,0.9,4.268272131,0.0103361600568,4.18113112e-05
318.15,0.9,4.982863515,0.0102750547829,-4.99035151e-05
318.15,0.9,5.817091329,0.0102271945475,2.55300038e-05
318.15,0.9,6.79098503,0.0103988604124,-4.51442907e-05
318.15,0.9,7.927927389,0.0102688476067,-6.71971946e-05
318.15,0.9,9.25521591,0.0102807975474,6.98678581e-05
318.15,0.9,10.80471822,0.0102634965373,-1.3959937e-05
318.15,0.9,12.61363722,0.0102759975502,-8.36086004e-05
318.15,0.9,14.72540428,0.0103053367382,-2.25652189e-05
318.15,0.9,17.19072202,0.0103430205397,-2.06991499e-05
318.15,0.9,20.06878168,0.0102479857455,-2.3428854e-05
318.15,0.9,23.42868424,0.0103178564912,-4.91422644e-06
318.15,0.9,27.35109953,0.010266722485,-7.41784957e-05
318.15,0.9,31.93020308,0.0103643325368,-3.05576415e-05
318.15,0.9,37.2759372,0.0102360352792,6.00024842e-06
318.15,0.9,43.51665071,0.0103049181585,1.30409752e-05
318.15,0.9,50.80218047,0.0103359801231,-1.64295339e-05
318.15,0.9,59.30744895,0.0102261861087,-6.44656397e-05
318.15,0.9,69.23666403,0.0103015779714,-0.000127346024
318.15,0.9,80.82822193,0.0103016491484,4.74010529e-05
318.15,0.9,94.36043101,0.0102500595992,-8.89261097e-05
318.15,0.9,110.1581939,0.0102777588274,-5.77351939e-05
318.15,0.9,128.6008081,0.0103374981478,-3.71229414e-05
318.15,0.9,150.1310729,0.0102945714125,-1.84646674e-05
318.15,0.9,175.2659209,0.0102553070577,-4.63852894e-05
318.15,0.9,204.6088289,0.0102602637035,-9.07187696e-05
318.15,0.9,238.8643079,0.0102875519686,-5.3882503e-05
318.15,0.9,278.8548172,0.0103223116434,5.216403e-05
318.15,0.9,325.5405119,0.0102886286738,7.2592944e-05
318.15,0.9,380.0422956,0.0102752592121,-6.76668704e-05
318.15,0.9,443.6687331,0.0103076188044,-2.20561091e-05
318.15,0.9,517.9474679,0.0101354662254,-0.00014164397
318.15,0.9,604.6619009,0.0101297318444,-3.59383612e-05
318.15,0.9,705.8940087,0.0100754678261,-2.98282525e-06
318.15,0.9,824.074331,0.0102248577857,-4.51666144e-05
318.15,0.9,962.0403271,0.0100542825735,7.4886412e-05
318.15,0.9,1123.104502,0.0101606780504,4.05896176e-05
318.15,0.9,1311.133937,0.0101935689365,4.31912089e-05
318.15,0.9,1530.643141,0.0100762036574,-0.00010305564
318.15,0.9,1786.902434,0.0101077107417,1.92044122e-05
318.15,0.9,2086.064493,0.0101226495283,0.000109454871
318.15,0.9,2435.312073,0.0101686032563,7.40613189e-05
318.15,0.9,2843.030459,0.0100494197304,3.87105942e-05
318.15,0.9,3319.008796,0.0101393573647,0.00013168667
318.15,0.9,3874.67512,0.0101550168047,0.000275905136
318.15,0.9,4523.370745,0.0101232641063,0.000276382575
318.15,0.9,5280.670575,0.0101207254805,0.00033566579
318.15,0.9,6164.757056,0.0101731282767,0.000359160119
318.15,0.9,7196.85673,0.0101176196522,0.000497972015
318.15,0.9,8401.749869,0.0101021661041,0.000351543694
318.15,0.9,9808.365445,0.0100833559684,0.000523213676
318.15,0.9,11450.4757,0.010130871954,0.00078621034
318.15,0.9,13367.507,0.0100804050164,0.000864442798
318.15,0.9,15605.48645,0.0101261326283,0.000965690313
318.15,0.9,18218.14699,0.0100957469222,0.00110163062
318.15,0.9,21268.21747,0.0101464226527,0.00121977647
318.15,0.9,24828.92881,0.0100462170584,0.00151546207
318.15,0.9,28985.77215,0.0100889630063,0.00179250236
318.15,0.9,33838.55153,0.0101015986097,0.0020580563
318.15,0.9,39503.78014,0.0101035934369,0.00253444017
318.15,0.9,46117.47768,0.0101402550423,0.00293352533
318.15,0.9,53838.43622,0.0101003066502,0.00335016479
318.15,0.9,62852.03269,0.0101271331762,0.00398125873
318.15,0.9,73374.67971,0.0101857609622,0.00459178489
318.15,0.9,85659.02154,0.0101237407713,0.00538210097
318.15,0.9,100000,0.0100111297817,0.00623963362
